game_id,game,date
1,2020-09-12 Fulham-Arsenal,2020-09-12
2,2020-09-12 Liverpool-Leeds United,2020-09-12
3,2020-09-12 West Ham-Newcastle Utd,2020-09-12
4,2020-09-12 Crystal Palace-Southampton,2020-09-12
5,2020-09-13 West Brom-Leicester City,2020-09-13
6,2020-09-13 Tottenham-Everton,2020-09-13
7,2020-09-14 Sheffield Utd-Wolves,2020-09-14
8,2020-09-14 Brighton-Chelsea,2020-09-14
9,2020-09-19 Arsenal-West Ham,2020-09-19
10,2020-09-19 Everton-West Brom,2020-09-19
11,2020-09-19 Leeds United-Fulham,2020-09-19
12,2020-09-19 Manchester Utd-Crystal Palace,2020-09-19
13,2020-09-20 Leicester City-Burnley,2020-09-20
14,2020-09-20 Southampton-Tottenham,2020-09-20
15,2020-09-20 Newcastle Utd-Brighton,2020-09-20
16,2020-09-20 Chelsea-Liverpool,2020-09-20
17,2020-09-21 Wolves-Manchester City,2020-09-21
18,2020-09-21 Aston Villa-Sheffield Utd,2020-09-21
19,2020-09-26 West Brom-Chelsea,2020-09-26
20,2020-09-26 Brighton-Manchester Utd,2020-09-26
21,2020-09-26 Crystal Palace-Everton,2020-09-26
22,2020-09-26 Burnley-Southampton,2020-09-26
23,2020-09-27 Tottenham-Newcastle Utd,2020-09-27
24,2020-09-27 Manchester City-Leicester City,2020-09-27
25,2020-09-27 Sheffield Utd-Leeds United,2020-09-27
26,2020-09-27 West Ham-Wolves,2020-09-27
27,2020-09-28 Fulham-Aston Villa,2020-09-28
28,2020-09-28 Liverpool-Arsenal,2020-09-28
29,2020-10-03 Newcastle Utd-Burnley,2020-10-03
30,2020-10-03 Everton-Brighton,2020-10-03
31,2020-10-03 Leeds United-Manchester City,2020-10-03
32,2020-10-03 Chelsea-Crystal Palace,2020-10-03
33,2020-10-04 Wolves-Fulham,2020-10-04
34,2020-10-04 Southampton-West Brom,2020-10-04
35,2020-10-04 Manchester Utd-Tottenham,2020-10-04
36,2020-10-04 Leicester City-West Ham,2020-10-04
37,2020-10-04 Arsenal-Sheffield Utd,2020-10-04
38,2020-10-04 Aston Villa-Liverpool,2020-10-04
39,2020-10-17 Newcastle Utd-Manchester Utd,2020-10-17
40,2020-10-17 Chelsea-Southampton,2020-10-17
41,2020-10-17 Manchester City-Arsenal,2020-10-17
42,2020-10-17 Everton-Liverpool,2020-10-17
43,2020-10-18 Leicester City-Aston Villa,2020-10-18
44,2020-10-18 Tottenham-West Ham,2020-10-18
45,2020-10-18 Crystal Palace-Brighton,2020-10-18
46,2020-10-18 Sheffield Utd-Fulham,2020-10-18
47,2020-10-19 West Brom-Burnley,2020-10-19
48,2020-10-19 Leeds United-Wolves,2020-10-19
49,2020-10-23 Aston Villa-Leeds United,2020-10-23
50,2020-10-24 Manchester Utd-Chelsea,2020-10-24
51,2020-10-24 Liverpool-Sheffield Utd,2020-10-24
52,2020-10-24 Fulham-Crystal Palace,2020-10-24
53,2020-10-24 West Ham-Manchester City,2020-10-24
54,2020-10-25 Southampton-Everton,2020-10-25
55,2020-10-25 Wolves-Newcastle Utd,2020-10-25
56,2020-10-25 Arsenal-Leicester City,2020-10-25
57,2020-10-26 Brighton-West Brom,2020-10-26
58,2020-10-26 Burnley-Tottenham,2020-10-26
59,2020-10-30 Wolves-Crystal Palace,2020-10-30
60,2020-10-31 Liverpool-West Ham,2020-10-31
61,2020-10-31 Burnley-Chelsea,2020-10-31
62,2020-10-31 Sheffield Utd-Manchester City,2020-10-31
63,2020-11-01 Manchester Utd-Arsenal,2020-11-01
64,2020-11-01 Tottenham-Brighton,2020-11-01
65,2020-11-01 Aston Villa-Southampton,2020-11-01
66,2020-11-01 Newcastle Utd-Everton,2020-11-01
67,2020-11-02 Leeds United-Leicester City,2020-11-02
68,2020-11-02 Fulham-West Brom,2020-11-02
69,2020-11-06 Southampton-Newcastle Utd,2020-11-06
70,2020-11-06 Brighton-Burnley,2020-11-06
71,2020-11-07 Crystal Palace-Leeds United,2020-11-07
72,2020-11-07 West Ham-Fulham,2020-11-07
73,2020-11-07 Chelsea-Sheffield Utd,2020-11-07
74,2020-11-07 Everton-Manchester Utd,2020-11-07
75,2020-11-08 Arsenal-Aston Villa,2020-11-08
76,2020-11-08 Manchester City-Liverpool,2020-11-08
77,2020-11-08 Leicester City-Wolves,2020-11-08
78,2020-11-08 West Brom-Tottenham,2020-11-08
79,2020-11-21 Aston Villa-Brighton,2020-11-21
80,2020-11-21 Tottenham-Manchester City,2020-11-21
81,2020-11-21 Manchester Utd-West Brom,2020-11-21
82,2020-11-21 Newcastle Utd-Chelsea,2020-11-21
83,2020-11-22 Liverpool-Leicester City,2020-11-22
84,2020-11-22 Leeds United-Arsenal,2020-11-22
85,2020-11-22 Fulham-Everton,2020-11-22
86,2020-11-22 Sheffield Utd-West Ham,2020-11-22
87,2020-11-23 Burnley-Crystal Palace,2020-11-23
88,2020-11-23 Wolves-Southampton,2020-11-23
89,2020-11-27 Crystal Palace-Newcastle Utd,2020-11-27
90,2020-11-28 Brighton-Liverpool,2020-11-28
91,2020-11-28 Everton-Leeds United,2020-11-28
92,2020-11-28 Manchester City-Burnley,2020-11-28
93,2020-11-28 West Brom-Sheffield Utd,2020-11-28
94,2020-11-29 Arsenal-Wolves,2020-11-29
95,2020-11-29 Chelsea-Tottenham,2020-11-29
96,2020-11-29 Southampton-Manchester Utd,2020-11-29
97,2020-11-30 West Ham-Aston Villa,2020-11-30
98,2020-11-30 Leicester City-Fulham,2020-11-30
99,2020-12-05 Chelsea-Leeds United,2020-12-05
100,2020-12-05 West Ham-Manchester Utd,2020-12-05
101,2020-12-05 Manchester City-Fulham,2020-12-05
102,2020-12-05 Burnley-Everton,2020-12-05
103,2020-12-06 Liverpool-Wolves,2020-12-06
104,2020-12-06 Sheffield Utd-Leicester City,2020-12-06
105,2020-12-06 Tottenham-Arsenal,2020-12-06
106,2020-12-06 West Brom-Crystal Palace,2020-12-06
107,2020-12-07 Brighton-Southampton,2020-12-07
108,2020-12-11 Leeds United-West Ham,2020-12-11
109,2020-12-12 Newcastle Utd-West Brom,2020-12-12
110,2020-12-12 Wolves-Aston Villa,2020-12-12
111,2020-12-12 Everton-Chelsea,2020-12-12
112,2020-12-12 Manchester Utd-Manchester City,2020-12-12
113,2020-12-13 Southampton-Sheffield Utd,2020-12-13
114,2020-12-13 Arsenal-Burnley,2020-12-13
115,2020-12-13 Fulham-Liverpool,2020-12-13
116,2020-12-13 Crystal Palace-Tottenham,2020-12-13
117,2020-12-13 Leicester City-Brighton,2020-12-13
118,2020-12-15 Manchester City-West Brom,2020-12-15
119,2020-12-15 Wolves-Chelsea,2020-12-15
120,2020-12-16 Leicester City-Everton,2020-12-16
121,2020-12-16 West Ham-Crystal Palace,2020-12-16
122,2020-12-16 Fulham-Brighton,2020-12-16
123,2020-12-16 Liverpool-Tottenham,2020-12-16
124,2020-12-16 Arsenal-Southampton,2020-12-16
125,2020-12-16 Leeds United-Newcastle Utd,2020-12-16
126,2020-12-17 Aston Villa-Burnley,2020-12-17
127,2020-12-17 Sheffield Utd-Manchester Utd,2020-12-17
128,2020-12-19 Southampton-Manchester City,2020-12-19
129,2020-12-19 Newcastle Utd-Fulham,2020-12-19
130,2020-12-19 Everton-Arsenal,2020-12-19
131,2020-12-19 Crystal Palace-Liverpool,2020-12-19
132,2020-12-20 Brighton-Sheffield Utd,2020-12-20
133,2020-12-20 West Brom-Aston Villa,2020-12-20
134,2020-12-20 Tottenham-Leicester City,2020-12-20
135,2020-12-20 Manchester Utd-Leeds United,2020-12-20
136,2020-12-21 Chelsea-West Ham,2020-12-21
137,2020-12-21 Burnley-Wolves,2020-12-21
138,2020-12-26 Arsenal-Chelsea,2020-12-26
139,2020-12-26 Sheffield Utd-Everton,2020-12-26
140,2020-12-26 Leicester City-Manchester Utd,2020-12-26
141,2020-12-26 Aston Villa-Crystal Palace,2020-12-26
142,2020-12-26 Fulham-Southampton,2020-12-26
143,2020-12-26 Manchester City-Newcastle Utd,2020-12-26
144,2020-12-27 Wolves-Tottenham,2020-12-27
145,2020-12-27 West Ham-Brighton,2020-12-27
146,2020-12-27 Liverpool-West Brom,2020-12-27
147,2020-12-27 Leeds United-Burnley,2020-12-27
148,2020-12-28 Chelsea-Aston Villa,2020-12-28
149,2020-12-28 Crystal Palace-Leicester City,2020-12-28
150,2020-12-29 Southampton-West Ham,2020-12-29
151,2020-12-29 Burnley-Sheffield Utd,2020-12-29
152,2020-12-29 West Brom-Leeds United,2020-12-29
153,2020-12-29 Brighton-Arsenal,2020-12-29
154,2020-12-29 Manchester Utd-Wolves,2020-12-29
155,2020-12-30 Newcastle Utd-Liverpool,2020-12-30
156,2021-01-01 Manchester Utd-Aston Villa,2021-01-01
157,2021-01-01 Everton-West Ham,2021-01-01
158,2021-01-02 Crystal Palace-Sheffield Utd,2021-01-02
159,2021-01-02 Tottenham-Leeds United,2021-01-02
160,2021-01-02 West Brom-Arsenal,2021-01-02
161,2021-01-02 Brighton-Wolves,2021-01-02
162,2021-01-03 Newcastle Utd-Leicester City,2021-01-03
163,2021-01-03 Chelsea-Manchester City,2021-01-03
164,2021-01-04 Southampton-Liverpool,2021-01-04
165,2021-01-12 Sheffield Utd-Newcastle Utd,2021-01-12
166,2021-01-12 Wolves-Everton,2021-01-12
167,2021-01-12 Burnley-Manchester Utd,2021-01-12
168,2021-01-13 Manchester City-Brighton,2021-01-13
169,2021-01-13 Tottenham-Fulham,2021-01-13
170,2021-01-14 Arsenal-Crystal Palace,2021-01-14
171,2021-01-16 Wolves-West Brom,2021-01-16
172,2021-01-16 Leicester City-Southampton,2021-01-16
173,2021-01-16 West Ham-Burnley,2021-01-16
174,2021-01-16 Leeds United-Brighton,2021-01-16
175,2021-01-16 Fulham-Chelsea,2021-01-16
176,2021-01-17 Liverpool-Manchester Utd,2021-01-17
177,2021-01-17 Sheffield Utd-Tottenham,2021-01-17
178,2021-01-17 Manchester City-Crystal Palace,2021-01-17
179,2021-01-18 Arsenal-Newcastle Utd,2021-01-18
180,2021-01-19 Leicester City-Chelsea,2021-01-19
181,2021-01-19 West Ham-West Brom,2021-01-19
182,2021-01-20 Fulham-Manchester Utd,2021-01-20
183,2021-01-20 Manchester City-Aston Villa,2021-01-20
184,2021-01-21 Liverpool-Burnley,2021-01-21
185,2021-01-23 Aston Villa-Newcastle Utd,2021-01-23
186,2021-01-26 West Brom-Manchester City,2021-01-26
187,2021-01-26 Newcastle Utd-Leeds United,2021-01-26
188,2021-01-26 Southampton-Arsenal,2021-01-26
189,2021-01-26 Crystal Palace-West Ham,2021-01-26
190,2021-01-27 Burnley-Aston Villa,2021-01-27
191,2021-01-27 Chelsea-Wolves,2021-01-27
192,2021-01-27 Manchester Utd-Sheffield Utd,2021-01-27
193,2021-01-27 Brighton-Fulham,2021-01-27
194,2021-01-27 Everton-Leicester City,2021-01-27
195,2021-01-28 Tottenham-Liverpool,2021-01-28
196,2021-01-30 Manchester City-Sheffield Utd,2021-01-30
197,2021-01-30 Arsenal-Manchester Utd,2021-01-30
198,2021-01-30 West Brom-Fulham,2021-01-30
199,2021-01-30 Everton-Newcastle Utd,2021-01-30
200,2021-01-30 Southampton-Aston Villa,2021-01-30
201,2021-01-30 Crystal Palace-Wolves,2021-01-30
202,2021-01-31 West Ham-Liverpool,2021-01-31
203,2021-01-31 Brighton-Tottenham,2021-01-31
204,2021-01-31 Chelsea-Burnley,2021-01-31
205,2021-01-31 Leicester City-Leeds United,2021-01-31
206,2021-02-02 Sheffield Utd-West Brom,2021-02-02
207,2021-02-02 Newcastle Utd-Crystal Palace,2021-02-02
208,2021-02-02 Wolves-Arsenal,2021-02-02
209,2021-02-02 Manchester Utd-Southampton,2021-02-02
210,2021-02-03 Aston Villa-West Ham,2021-02-03
211,2021-02-03 Leeds United-Everton,2021-02-03
212,2021-02-03 Fulham-Leicester City,2021-02-03
213,2021-02-03 Liverpool-Brighton,2021-02-03
214,2021-02-03 Burnley-Manchester City,2021-02-03
215,2021-02-04 Tottenham-Chelsea,2021-02-04
216,2021-02-06 Burnley-Brighton,2021-02-06
217,2021-02-06 Manchester Utd-Everton,2021-02-06
218,2021-02-06 Fulham-West Ham,2021-02-06
219,2021-02-06 Newcastle Utd-Southampton,2021-02-06
220,2021-02-06 Aston Villa-Arsenal,2021-02-06
221,2021-02-07 Wolves-Leicester City,2021-02-07
222,2021-02-07 Sheffield Utd-Chelsea,2021-02-07
223,2021-02-07 Tottenham-West Brom,2021-02-07
224,2021-02-07 Liverpool-Manchester City,2021-02-07
225,2021-02-08 Leeds United-Crystal Palace,2021-02-08
226,2021-02-13 Leicester City-Liverpool,2021-02-13
227,2021-02-13 Manchester City-Tottenham,2021-02-13
228,2021-02-13 Brighton-Aston Villa,2021-02-13
229,2021-02-13 Crystal Palace-Burnley,2021-02-13
230,2021-02-14 Arsenal-Leeds United,2021-02-14
231,2021-02-14 Everton-Fulham,2021-02-14
232,2021-02-14 Southampton-Wolves,2021-02-14
233,2021-02-14 West Brom-Manchester Utd,2021-02-14
234,2021-02-15 Chelsea-Newcastle Utd,2021-02-15
235,2021-02-15 West Ham-Sheffield Utd,2021-02-15
236,2021-02-17 Everton-Manchester City,2021-02-17
237,2021-02-17 Burnley-Fulham,2021-02-17
238,2021-02-19 Wolves-Leeds United,2021-02-19
239,2021-02-20 Burnley-West Brom,2021-02-20
240,2021-02-20 Southampton-Chelsea,2021-02-20
241,2021-02-20 Liverpool-Everton,2021-02-20
242,2021-02-20 Fulham-Sheffield Utd,2021-02-20
243,2021-02-21 Arsenal-Manchester City,2021-02-21
244,2021-02-21 Aston Villa-Leicester City,2021-02-21
245,2021-02-21 Manchester Utd-Newcastle Utd,2021-02-21
246,2021-02-21 West Ham-Tottenham,2021-02-21
247,2021-02-22 Brighton-Crystal Palace,2021-02-22
248,2021-02-23 Leeds United-Southampton,2021-02-23
249,2021-02-27 Manchester City-West Ham,2021-02-27
250,2021-02-27 Newcastle Utd-Wolves,2021-02-27
251,2021-02-27 West Brom-Brighton,2021-02-27
252,2021-02-27 Leeds United-Aston Villa,2021-02-27
253,2021-02-28 Tottenham-Burnley,2021-02-28
254,2021-02-28 Leicester City-Arsenal,2021-02-28
255,2021-02-28 Chelsea-Manchester Utd,2021-02-28
256,2021-02-28 Crystal Palace-Fulham,2021-02-28
257,2021-02-28 Sheffield Utd-Liverpool,2021-02-28
258,2021-03-01 Everton-Southampton,2021-03-01
259,2021-03-02 Manchester City-Wolves,2021-03-02
260,2021-03-03 Burnley-Leicester City,2021-03-03
261,2021-03-03 Sheffield Utd-Aston Villa,2021-03-03
262,2021-03-03 Crystal Palace-Manchester Utd,2021-03-03
263,2021-03-04 Fulham-Tottenham,2021-03-04
264,2021-03-04 West Brom-Everton,2021-03-04
265,2021-03-04 Liverpool-Chelsea,2021-03-04
266,2021-03-06 Aston Villa-Wolves,2021-03-06
267,2021-03-06 Brighton-Leicester City,2021-03-06
268,2021-03-06 Sheffield Utd-Southampton,2021-03-06
269,2021-03-06 Burnley-Arsenal,2021-03-06
270,2021-03-07 Tottenham-Crystal Palace,2021-03-07
271,2021-03-07 Liverpool-Fulham,2021-03-07
272,2021-03-07 Manchester City-Manchester Utd,2021-03-07
273,2021-03-07 West Brom-Newcastle Utd,2021-03-07
274,2021-03-08 West Ham-Leeds United,2021-03-08
275,2021-03-08 Chelsea-Everton,2021-03-08
276,2021-03-10 Manchester City-Southampton,2021-03-10
277,2021-03-12 Newcastle Utd-Aston Villa,2021-03-12
278,2021-03-13 Leeds United-Chelsea,2021-03-13
279,2021-03-13 Everton-Burnley,2021-03-13
280,2021-03-13 Fulham-Manchester City,2021-03-13
281,2021-03-13 Crystal Palace-West Brom,2021-03-13
282,2021-03-14 Arsenal-Tottenham,2021-03-14
283,2021-03-14 Manchester Utd-West Ham,2021-03-14
284,2021-03-14 Leicester City-Sheffield Utd,2021-03-14
285,2021-03-14 Southampton-Brighton,2021-03-14
286,2021-03-15 Wolves-Liverpool,2021-03-15
287,2021-03-19 Fulham-Leeds United,2021-03-19
288,2021-03-20 Brighton-Newcastle Utd,2021-03-20
289,2021-03-21 West Ham-Arsenal,2021-03-21
290,2021-03-21 Aston Villa-Tottenham,2021-03-21
291,2021-04-03 Leicester City-Manchester City,2021-04-03
292,2021-04-03 Chelsea-West Brom,2021-04-03
293,2021-04-03 Arsenal-Liverpool,2021-04-03
294,2021-04-03 Leeds United-Sheffield Utd,2021-04-03
295,2021-04-04 Manchester Utd-Brighton,2021-04-04
296,2021-04-04 Aston Villa-Fulham,2021-04-04
297,2021-04-04 Newcastle Utd-Tottenham,2021-04-04
298,2021-04-04 Southampton-Burnley,2021-04-04
299,2021-04-05 Everton-Crystal Palace,2021-04-05
300,2021-04-05 Wolves-West Ham,2021-04-05
301,2021-04-09 Fulham-Wolves,2021-04-09
302,2021-04-10 Manchester City-Leeds United,2021-04-10
303,2021-04-10 Crystal Palace-Chelsea,2021-04-10
304,2021-04-10 Liverpool-Aston Villa,2021-04-10
305,2021-04-11 Tottenham-Manchester Utd,2021-04-11
306,2021-04-11 West Ham-Leicester City,2021-04-11
307,2021-04-11 Sheffield Utd-Arsenal,2021-04-11
308,2021-04-11 Burnley-Newcastle Utd,2021-04-11
309,2021-04-12 Brighton-Everton,2021-04-12
310,2021-04-12 West Brom-Southampton,2021-04-12
311,2021-04-16 Everton-Tottenham,2021-04-16
312,2021-04-17 Newcastle Utd-West Ham,2021-04-17
313,2021-04-17 Wolves-Sheffield Utd,2021-04-17
314,2021-04-18 Manchester Utd-Burnley,2021-04-18
315,2021-04-18 Arsenal-Fulham,2021-04-18
316,2021-04-19 Leeds United-Liverpool,2021-04-19
317,2021-04-20 Chelsea-Brighton,2021-04-20
318,2021-04-21 Aston Villa-Manchester City,2021-04-21
319,2021-04-21 Tottenham-Southampton,2021-04-21
320,2021-04-22 Leicester City-West Brom,2021-04-22
321,2021-04-23 Arsenal-Everton,2021-04-23
322,2021-04-24 Sheffield Utd-Brighton,2021-04-24
323,2021-04-24 West Ham-Chelsea,2021-04-24
324,2021-04-24 Liverpool-Newcastle Utd,2021-04-24
325,2021-04-25 Wolves-Burnley,2021-04-25
326,2021-04-25 Leeds United-Manchester Utd,2021-04-25
327,2021-04-25 Aston Villa-West Brom,2021-04-25
328,2021-04-26 Leicester City-Crystal Palace,2021-04-26
329,2021-04-30 Southampton-Leicester City,2021-04-30
330,2021-05-01 Chelsea-Fulham,2021-05-01
331,2021-05-01 Crystal Palace-Manchester City,2021-05-01
332,2021-05-01 Everton-Aston Villa,2021-05-01
333,2021-05-01 Brighton-Leeds United,2021-05-01
334,2021-05-02 Tottenham-Sheffield Utd,2021-05-02
335,2021-05-02 Newcastle Utd-Arsenal,2021-05-02
336,2021-05-03 Burnley-West Ham,2021-05-03
337,2021-05-03 West Brom-Wolves,2021-05-03
338,2021-05-07 Leicester City-Newcastle Utd,2021-05-07
339,2021-05-08 Manchester City-Chelsea,2021-05-08
340,2021-05-08 Sheffield Utd-Crystal Palace,2021-05-08
341,2021-05-08 Leeds United-Tottenham,2021-05-08
342,2021-05-08 Liverpool-Southampton,2021-05-08
343,2021-05-09 West Ham-Everton,2021-05-09
344,2021-05-09 Arsenal-West Brom,2021-05-09
345,2021-05-09 Wolves-Brighton,2021-05-09
346,2021-05-09 Aston Villa-Manchester Utd,2021-05-09
347,2021-05-10 Fulham-Burnley,2021-05-10
348,2021-05-11 Southampton-Crystal Palace,2021-05-11
349,2021-05-11 Manchester Utd-Leicester City,2021-05-11
350,2021-05-12 Chelsea-Arsenal,2021-05-12
351,2021-05-13 Aston Villa-Everton,2021-05-13
352,2021-05-13 Manchester Utd-Liverpool,2021-05-13
353,2021-05-14 Newcastle Utd-Manchester City,2021-05-14
354,2021-05-15 Brighton-West Ham,2021-05-15
355,2021-05-15 Burnley-Leeds United,2021-05-15
356,2021-05-15 Southampton-Fulham,2021-05-15
357,2021-05-16 Everton-Sheffield Utd,2021-05-16
358,2021-05-16 West Brom-Liverpool,2021-05-16
359,2021-05-16 Crystal Palace-Aston Villa,2021-05-16
360,2021-05-16 Tottenham-Wolves,2021-05-16
361,2021-05-18 Brighton-Manchester City,2021-05-18
362,2021-05-18 Southampton-Leeds United,2021-05-18
363,2021-05-18 Manchester Utd-Fulham,2021-05-18
364,2021-05-18 Chelsea-Leicester City,2021-05-18
365,2021-05-19 Everton-Wolves,2021-05-19
366,2021-05-19 Crystal Palace-Arsenal,2021-05-19
367,2021-05-19 West Brom-West Ham,2021-05-19
368,2021-05-19 Burnley-Liverpool,2021-05-19
369,2021-05-19 Tottenham-Aston Villa,2021-05-19
370,2021-05-19 Newcastle Utd-Sheffield Utd,2021-05-19
371,2021-05-23 Liverpool-Crystal Palace,2021-05-23
372,2021-05-23 Sheffield Utd-Burnley,2021-05-23
373,2021-05-23 Manchester City-Everton,2021-05-23
374,2021-05-23 Fulham-Newcastle Utd,2021-05-23
375,2021-05-23 Leeds United-West Brom,2021-05-23
376,2021-05-23 Leicester City-Tottenham,2021-05-23
377,2021-05-23 Aston Villa-Chelsea,2021-05-23
378,2021-05-23 Arsenal-Brighton,2021-05-23
379,2021-05-23 Wolves-Manchester Utd,2021-05-23
380,2021-05-23 West Ham-Southampton,2021-05-23
381,2021-08-13 Brentford-Arsenal,2021-08-13
382,2021-08-14 Everton-Southampton,2021-08-14
383,2021-08-14 Manchester Utd-Leeds United,2021-08-14
384,2021-08-14 Chelsea-Crystal Palace,2021-08-14
385,2021-08-14 Norwich City-Liverpool,2021-08-14
386,2021-08-14 Watford-Aston Villa,2021-08-14
387,2021-08-14 Leicester City-Wolves,2021-08-14
388,2021-08-14 Burnley-Brighton,2021-08-14
389,2021-08-15 Tottenham-Manchester City,2021-08-15
390,2021-08-15 Newcastle Utd-West Ham,2021-08-15
391,2021-08-21 Brighton-Watford,2021-08-21
392,2021-08-21 Aston Villa-Newcastle Utd,2021-08-21
393,2021-08-21 Liverpool-Burnley,2021-08-21
394,2021-08-21 Leeds United-Everton,2021-08-21
395,2021-08-21 Manchester City-Norwich City,2021-08-21
396,2021-08-21 Crystal Palace-Brentford,2021-08-21
397,2021-08-22 Arsenal-Chelsea,2021-08-22
398,2021-08-22 Southampton-Manchester Utd,2021-08-22
399,2021-08-22 Wolves-Tottenham,2021-08-22
400,2021-08-23 West Ham-Leicester City,2021-08-23
401,2021-08-28 West Ham-Crystal Palace,2021-08-28
402,2021-08-28 Norwich City-Leicester City,2021-08-28
403,2021-08-28 Manchester City-Arsenal,2021-08-28
404,2021-08-28 Brighton-Everton,2021-08-28
405,2021-08-28 Newcastle Utd-Southampton,2021-08-28
406,2021-08-28 Liverpool-Chelsea,2021-08-28
407,2021-08-28 Aston Villa-Brentford,2021-08-28
408,2021-08-29 Tottenham-Watford,2021-08-29
409,2021-08-29 Burnley-Leeds United,2021-08-29
410,2021-08-29 Wolves-Manchester Utd,2021-08-29
411,2021-09-11 Chelsea-Aston Villa,2021-09-11
412,2021-09-11 Brentford-Brighton,2021-09-11
413,2021-09-11 Manchester Utd-Newcastle Utd,2021-09-11
414,2021-09-11 Leicester City-Manchester City,2021-09-11
415,2021-09-11 Arsenal-Norwich City,2021-09-11
416,2021-09-11 Watford-Wolves,2021-09-11
417,2021-09-11 Crystal Palace-Tottenham,2021-09-11
418,2021-09-11 Southampton-West Ham,2021-09-11
419,2021-09-12 Leeds United-Liverpool,2021-09-12
420,2021-09-13 Everton-Burnley,2021-09-13
421,2021-09-17 Newcastle Utd-Leeds United,2021-09-17
422,2021-09-18 Norwich City-Watford,2021-09-18
423,2021-09-18 Aston Villa-Everton,2021-09-18
424,2021-09-18 Burnley-Arsenal,2021-09-18
425,2021-09-18 Wolves-Brentford,2021-09-18
426,2021-09-18 Liverpool-Crystal Palace,2021-09-18
427,2021-09-18 Manchester City-Southampton,2021-09-18
428,2021-09-19 Brighton-Leicester City,2021-09-19
429,2021-09-19 West Ham-Manchester Utd,2021-09-19
430,2021-09-19 Tottenham-Chelsea,2021-09-19
431,2021-09-25 Brentford-Liverpool,2021-09-25
432,2021-09-25 Chelsea-Manchester City,2021-09-25
433,2021-09-25 Everton-Norwich City,2021-09-25
434,2021-09-25 Leeds United-West Ham,2021-09-25
435,2021-09-25 Leicester City-Burnley,2021-09-25
436,2021-09-25 Watford-Newcastle Utd,2021-09-25
437,2021-09-25 Manchester Utd-Aston Villa,2021-09-25
438,2021-09-26 Arsenal-Tottenham,2021-09-26
439,2021-09-26 Southampton-Wolves,2021-09-26
440,2021-09-27 Crystal Palace-Brighton,2021-09-27
441,2021-10-02 Wolves-Newcastle Utd,2021-10-02
442,2021-10-02 Manchester Utd-Everton,2021-10-02
443,2021-10-02 Leeds United-Watford,2021-10-02
444,2021-10-02 Burnley-Norwich City,2021-10-02
445,2021-10-02 Chelsea-Southampton,2021-10-02
446,2021-10-02 Brighton-Arsenal,2021-10-02
447,2021-10-03 Crystal Palace-Leicester City,2021-10-03
448,2021-10-03 Liverpool-Manchester City,2021-10-03
449,2021-10-03 West Ham-Brentford,2021-10-03
450,2021-10-03 Tottenham-Aston Villa,2021-10-03
451,2021-10-16 Watford-Liverpool,2021-10-16
452,2021-10-16 Brentford-Chelsea,2021-10-16
453,2021-10-16 Southampton-Leeds United,2021-10-16
454,2021-10-16 Norwich City-Brighton,2021-10-16
455,2021-10-16 Manchester City-Burnley,2021-10-16
456,2021-10-16 Leicester City-Manchester Utd,2021-10-16
457,2021-10-16 Aston Villa-Wolves,2021-10-16
458,2021-10-17 Newcastle Utd-Tottenham,2021-10-17
459,2021-10-17 Everton-West Ham,2021-10-17
460,2021-10-18 Arsenal-Crystal Palace,2021-10-18
461,2021-10-22 Arsenal-Aston Villa,2021-10-22
462,2021-10-23 Chelsea-Norwich City,2021-10-23
463,2021-10-23 Crystal Palace-Newcastle Utd,2021-10-23
464,2021-10-23 Everton-Watford,2021-10-23
465,2021-10-23 Brighton-Manchester City,2021-10-23
466,2021-10-23 Southampton-Burnley,2021-10-23
467,2021-10-23 Leeds United-Wolves,2021-10-23
468,2021-10-24 West Ham-Tottenham,2021-10-24
469,2021-10-24 Brentford-Leicester City,2021-10-24
470,2021-10-24 Manchester Utd-Liverpool,2021-10-24
471,2021-10-30 Newcastle Utd-Chelsea,2021-10-30
472,2021-10-30 Leicester City-Arsenal,2021-10-30
473,2021-10-30 Manchester City-Crystal Palace,2021-10-30
474,2021-10-30 Liverpool-Brighton,2021-10-30
475,2021-10-30 Burnley-Brentford,2021-10-30
476,2021-10-30 Tottenham-Manchester Utd,2021-10-30
477,2021-10-30 Watford-Southampton,2021-10-30
478,2021-10-31 Aston Villa-West Ham,2021-10-31
479,2021-10-31 Norwich City-Leeds United,2021-10-31
480,2021-11-01 Wolves-Everton,2021-11-01
481,2021-11-05 Southampton-Aston Villa,2021-11-05
482,2021-11-06 Crystal Palace-Wolves,2021-11-06
483,2021-11-06 Brighton-Newcastle Utd,2021-11-06
484,2021-11-06 Chelsea-Burnley,2021-11-06
485,2021-11-06 Manchester Utd-Manchester City,2021-11-06
486,2021-11-06 Brentford-Norwich City,2021-11-06
487,2021-11-07 Arsenal-Watford,2021-11-07
488,2021-11-07 West Ham-Liverpool,2021-11-07
489,2021-11-07 Leeds United-Leicester City,2021-11-07
490,2021-11-07 Everton-Tottenham,2021-11-07
491,2021-11-20 Leicester City-Chelsea,2021-11-20
492,2021-11-20 Watford-Manchester Utd,2021-11-20
493,2021-11-20 Liverpool-Arsenal,2021-11-20
494,2021-11-20 Wolves-West Ham,2021-11-20
495,2021-11-20 Newcastle Utd-Brentford,2021-11-20
496,2021-11-20 Aston Villa-Brighton,2021-11-20
497,2021-11-20 Burnley-Crystal Palace,2021-11-20
498,2021-11-20 Norwich City-Southampton,2021-11-20
499,2021-11-21 Manchester City-Everton,2021-11-21
500,2021-11-21 Tottenham-Leeds United,2021-11-21
501,2021-11-27 Crystal Palace-Aston Villa,2021-11-27
502,2021-11-27 Norwich City-Wolves,2021-11-27
503,2021-11-27 Brighton-Leeds United,2021-11-27
504,2021-11-27 Arsenal-Newcastle Utd,2021-11-27
505,2021-11-27 Liverpool-Southampton,2021-11-27
506,2021-11-28 Brentford-Everton,2021-11-28
507,2021-11-28 Manchester City-West Ham,2021-11-28
508,2021-11-28 Leicester City-Watford,2021-11-28
509,2021-11-28 Chelsea-Manchester Utd,2021-11-28
510,2021-11-30 Leeds United-Crystal Palace,2021-11-30
511,2021-11-30 Newcastle Utd-Norwich City,2021-11-30
512,2021-12-01 Wolves-Burnley,2021-12-01
513,2021-12-01 Southampton-Leicester City,2021-12-01
514,2021-12-01 Aston Villa-Manchester City,2021-12-01
515,2021-12-01 Watford-Chelsea,2021-12-01
516,2021-12-01 West Ham-Brighton,2021-12-01
517,2021-12-01 Everton-Liverpool,2021-12-01
518,2021-12-02 Tottenham-Brentford,2021-12-02
519,2021-12-02 Manchester Utd-Arsenal,2021-12-02
520,2021-12-04 West Ham-Chelsea,2021-12-04
521,2021-12-04 Newcastle Utd-Burnley,2021-12-04
522,2021-12-04 Watford-Manchester City,2021-12-04
523,2021-12-04 Southampton-Brighton,2021-12-04
524,2021-12-04 Wolves-Liverpool,2021-12-04
525,2021-12-05 Manchester Utd-Crystal Palace,2021-12-05
526,2021-12-05 Leeds United-Brentford,2021-12-05
527,2021-12-05 Tottenham-Norwich City,2021-12-05
528,2021-12-05 Aston Villa-Leicester City,2021-12-05
529,2021-12-06 Everton-Arsenal,2021-12-06
530,2021-12-10 Brentford-Watford,2021-12-10
531,2021-12-11 Arsenal-Southampton,2021-12-11
532,2021-12-11 Norwich City-Manchester Utd,2021-12-11
533,2021-12-11 Manchester City-Wolves,2021-12-11
534,2021-12-11 Liverpool-Aston Villa,2021-12-11
535,2021-12-11 Chelsea-Leeds United,2021-12-11
536,2021-12-12 Leicester City-Newcastle Utd,2021-12-12
537,2021-12-12 Crystal Palace-Everton,2021-12-12
538,2021-12-12 Burnley-West Ham,2021-12-12
539,2021-12-14 Manchester City-Leeds United,2021-12-14
540,2021-12-14 Norwich City-Aston Villa,2021-12-14
541,2021-12-15 Arsenal-West Ham,2021-12-15
542,2021-12-15 Crystal Palace-Southampton,2021-12-15
543,2021-12-15 Brighton-Wolves,2021-12-15
544,2021-12-16 Liverpool-Newcastle Utd,2021-12-16
545,2021-12-16 Chelsea-Everton,2021-12-16
546,2021-12-18 Leeds United-Arsenal,2021-12-18
547,2021-12-19 Newcastle Utd-Manchester City,2021-12-19
548,2021-12-19 Tottenham-Liverpool,2021-12-19
549,2021-12-19 Wolves-Chelsea,2021-12-19
550,2021-12-26 Manchester City-Leicester City,2021-12-26
551,2021-12-26 Aston Villa-Chelsea,2021-12-26
552,2021-12-26 Tottenham-Crystal Palace,2021-12-26
553,2021-12-26 West Ham-Southampton,2021-12-26
554,2021-12-26 Brighton-Brentford,2021-12-26
555,2021-12-26 Norwich City-Arsenal,2021-12-26
556,2021-12-27 Newcastle Utd-Manchester Utd,2021-12-27
557,2021-12-28 Watford-West Ham,2021-12-28
558,2021-12-28 Southampton-Tottenham,2021-12-28
559,2021-12-28 Leicester City-Liverpool,2021-12-28
560,2021-12-28 Crystal Palace-Norwich City,2021-12-28
561,2021-12-29 Chelsea-Brighton,2021-12-29
562,2021-12-29 Brentford-Manchester City,2021-12-29
563,2021-12-30 Manchester Utd-Burnley,2021-12-30
564,2022-01-01 Watford-Tottenham,2022-01-01
565,2022-01-01 Arsenal-Manchester City,2022-01-01
566,2022-01-01 Crystal Palace-West Ham,2022-01-01
567,2022-01-02 Everton-Brighton,2022-01-02
568,2022-01-02 Brentford-Aston Villa,2022-01-02
569,2022-01-02 Leeds United-Burnley,2022-01-02
570,2022-01-02 Chelsea-Liverpool,2022-01-02
571,2022-01-03 Manchester Utd-Wolves,2022-01-03
572,2022-01-11 Southampton-Brentford,2022-01-11
573,2022-01-12 West Ham-Norwich City,2022-01-12
574,2022-01-14 Brighton-Crystal Palace,2022-01-14
575,2022-01-15 Aston Villa-Manchester Utd,2022-01-15
576,2022-01-15 Norwich City-Everton,2022-01-15
577,2022-01-15 Manchester City-Chelsea,2022-01-15
578,2022-01-15 Wolves-Southampton,2022-01-15
579,2022-01-15 Newcastle Utd-Watford,2022-01-15
580,2022-01-16 Liverpool-Brentford,2022-01-16
581,2022-01-16 West Ham-Leeds United,2022-01-16
582,2022-01-18 Brighton-Chelsea,2022-01-18
583,2022-01-19 Leicester City-Tottenham,2022-01-19
584,2022-01-19 Brentford-Manchester Utd,2022-01-19
585,2022-01-21 Watford-Norwich City,2022-01-21
586,2022-01-22 Brentford-Wolves,2022-01-22
587,2022-01-22 Manchester Utd-West Ham,2022-01-22
588,2022-01-22 Southampton-Manchester City,2022-01-22
589,2022-01-22 Leeds United-Newcastle Utd,2022-01-22
590,2022-01-22 Everton-Aston Villa,2022-01-22
591,2022-01-23 Leicester City-Brighton,2022-01-23
592,2022-01-23 Crystal Palace-Liverpool,2022-01-23
593,2022-01-23 Chelsea-Tottenham,2022-01-23
594,2022-01-23 Arsenal-Burnley,2022-01-23
595,2022-02-05 Burnley-Watford,2022-02-05
596,2022-02-08 Burnley-Manchester Utd,2022-02-08
597,2022-02-08 Newcastle Utd-Everton,2022-02-08
598,2022-02-08 West Ham-Watford,2022-02-08
599,2022-02-09 Norwich City-Crystal Palace,2022-02-09
600,2022-02-09 Aston Villa-Leeds United,2022-02-09
601,2022-02-09 Manchester City-Brentford,2022-02-09
602,2022-02-09 Tottenham-Southampton,2022-02-09
603,2022-02-10 Liverpool-Leicester City,2022-02-10
604,2022-02-10 Wolves-Arsenal,2022-02-10
605,2022-02-12 Manchester Utd-Southampton,2022-02-12
606,2022-02-12 Watford-Brighton,2022-02-12
607,2022-02-12 Brentford-Crystal Palace,2022-02-12
608,2022-02-12 Everton-Leeds United,2022-02-12
609,2022-02-12 Norwich City-Manchester City,2022-02-12
610,2022-02-13 Burnley-Liverpool,2022-02-13
611,2022-02-13 Newcastle Utd-Aston Villa,2022-02-13
612,2022-02-13 Tottenham-Wolves,2022-02-13
613,2022-02-13 Leicester City-West Ham,2022-02-13
614,2022-02-15 Manchester Utd-Brighton,2022-02-15
615,2022-02-19 Liverpool-Norwich City,2022-02-19
616,2022-02-19 Aston Villa-Watford,2022-02-19
617,2022-02-19 Arsenal-Brentford,2022-02-19
618,2022-02-19 Southampton-Everton,2022-02-19
619,2022-02-19 Brighton-Burnley,2022-02-19
620,2022-02-19 Crystal Palace-Chelsea,2022-02-19
621,2022-02-19 Manchester City-Tottenham,2022-02-19
622,2022-02-19 West Ham-Newcastle Utd,2022-02-19
623,2022-02-20 Leeds United-Manchester Utd,2022-02-20
624,2022-02-20 Wolves-Leicester City,2022-02-20
625,2022-02-23 Watford-Crystal Palace,2022-02-23
626,2022-02-23 Liverpool-Leeds United,2022-02-23
627,2022-02-23 Burnley-Tottenham,2022-02-23
628,2022-02-24 Arsenal-Wolves,2022-02-24
629,2022-02-25 Southampton-Norwich City,2022-02-25
630,2022-02-26 Brighton-Aston Villa,2022-02-26
631,2022-02-26 Leeds United-Tottenham,2022-02-26
632,2022-02-26 Manchester Utd-Watford,2022-02-26
633,2022-02-26 Brentford-Newcastle Utd,2022-02-26
634,2022-02-26 Everton-Manchester City,2022-02-26
635,2022-02-26 Crystal Palace-Burnley,2022-02-26
636,2022-02-27 West Ham-Wolves,2022-02-27
637,2022-03-01 Burnley-Leicester City,2022-03-01
638,2022-03-05 Norwich City-Brentford,2022-03-05
639,2022-03-05 Aston Villa-Southampton,2022-03-05
640,2022-03-05 Newcastle Utd-Brighton,2022-03-05
641,2022-03-05 Leicester City-Leeds United,2022-03-05
642,2022-03-05 Liverpool-West Ham,2022-03-05
643,2022-03-05 Wolves-Crystal Palace,2022-03-05
644,2022-03-05 Burnley-Chelsea,2022-03-05
645,2022-03-06 Watford-Arsenal,2022-03-06
646,2022-03-06 Manchester City-Manchester Utd,2022-03-06
647,2022-03-07 Tottenham-Everton,2022-03-07
648,2022-03-10 Wolves-Watford,2022-03-10
649,2022-03-10 Leeds United-Aston Villa,2022-03-10
650,2022-03-10 Norwich City-Chelsea,2022-03-10
651,2022-03-10 Southampton-Newcastle Utd,2022-03-10
652,2022-03-12 Brentford-Burnley,2022-03-12
653,2022-03-12 Manchester Utd-Tottenham,2022-03-12
654,2022-03-12 Brighton-Liverpool,2022-03-12
655,2022-03-13 Leeds United-Norwich City,2022-03-13
656,2022-03-13 Arsenal-Leicester City,2022-03-13
657,2022-03-13 Chelsea-Newcastle Utd,2022-03-13
658,2022-03-13 West Ham-Aston Villa,2022-03-13
659,2022-03-13 Everton-Wolves,2022-03-13
660,2022-03-13 Southampton-Watford,2022-03-13
661,2022-03-14 Crystal Palace-Manchester City,2022-03-14
662,2022-03-16 Arsenal-Liverpool,2022-03-16
663,2022-03-16 Brighton-Tottenham,2022-03-16
664,2022-03-17 Everton-Newcastle Utd,2022-03-17
665,2022-03-18 Wolves-Leeds United,2022-03-18
666,2022-03-19 Aston Villa-Arsenal,2022-03-19
667,2022-03-20 Leicester City-Brentford,2022-03-20
668,2022-03-20 Tottenham-West Ham,2022-03-20
669,2022-04-02 Liverpool-Watford,2022-04-02
670,2022-04-02 Wolves-Aston Villa,2022-04-02
671,2022-04-02 Leeds United-Southampton,2022-04-02
672,2022-04-02 Manchester Utd-Leicester City,2022-04-02
673,2022-04-02 Burnley-Manchester City,2022-04-02
674,2022-04-02 Chelsea-Brentford,2022-04-02
675,2022-04-02 Brighton-Norwich City,2022-04-02
676,2022-04-03 Tottenham-Newcastle Utd,2022-04-03
677,2022-04-03 West Ham-Everton,2022-04-03
678,2022-04-04 Crystal Palace-Arsenal,2022-04-04
679,2022-04-06 Burnley-Everton,2022-04-06
680,2022-04-08 Newcastle Utd-Wolves,2022-04-08
681,2022-04-09 Aston Villa-Tottenham,2022-04-09
682,2022-04-09 Southampton-Chelsea,2022-04-09
683,2022-04-09 Arsenal-Brighton,2022-04-09
684,2022-04-09 Watford-Leeds United,2022-04-09
685,2022-04-09 Everton-Manchester Utd,2022-04-09
686,2022-04-10 Leicester City-Crystal Palace,2022-04-10
687,2022-04-10 Norwich City-Burnley,2022-04-10
688,2022-04-10 Manchester City-Liverpool,2022-04-10
689,2022-04-10 Brentford-West Ham,2022-04-10
690,2022-04-16 Manchester Utd-Norwich City,2022-04-16
691,2022-04-16 Tottenham-Brighton,2022-04-16
692,2022-04-16 Watford-Brentford,2022-04-16
693,2022-04-16 Southampton-Arsenal,2022-04-16
694,2022-04-17 West Ham-Burnley,2022-04-17
695,2022-04-17 Newcastle Utd-Leicester City,2022-04-17
696,2022-04-19 Liverpool-Manchester Utd,2022-04-19
697,2022-04-20 Manchester City-Brighton,2022-04-20
698,2022-04-20 Everton-Leicester City,2022-04-20
699,2022-04-20 Chelsea-Arsenal,2022-04-20
700,2022-04-20 Newcastle Utd-Crystal Palace,2022-04-20
701,2022-04-21 Burnley-Southampton,2022-04-21
702,2022-04-23 Norwich City-Newcastle Utd,2022-04-23
703,2022-04-23 Manchester City-Watford,2022-04-23
704,2022-04-23 Leicester City-Aston Villa,2022-04-23
705,2022-04-23 Arsenal-Manchester Utd,2022-04-23
706,2022-04-23 Brentford-Tottenham,2022-04-23
707,2022-04-24 Burnley-Wolves,2022-04-24
708,2022-04-24 Chelsea-West Ham,2022-04-24
709,2022-04-24 Liverpool-Everton,2022-04-24
710,2022-04-24 Brighton-Southampton,2022-04-24
711,2022-04-25 Crystal Palace-Leeds United,2022-04-25
712,2022-04-28 Manchester Utd-Chelsea,2022-04-28
713,2022-04-30 Leeds United-Manchester City,2022-04-30
714,2022-04-30 Aston Villa-Norwich City,2022-04-30
715,2022-04-30 Watford-Burnley,2022-04-30
716,2022-04-30 Newcastle Utd-Liverpool,2022-04-30
717,2022-04-30 Southampton-Crystal Palace,2022-04-30
718,2022-04-30 Wolves-Brighton,2022-04-30
719,2022-05-01 Everton-Chelsea,2022-05-01
720,2022-05-01 Tottenham-Leicester City,2022-05-01
721,2022-05-01 West Ham-Arsenal,2022-05-01
722,2022-05-02 Manchester Utd-Brentford,2022-05-02
723,2022-05-07 Burnley-Aston Villa,2022-05-07
724,2022-05-07 Liverpool-Tottenham,2022-05-07
725,2022-05-07 Chelsea-Wolves,2022-05-07
726,2022-05-07 Brentford-Southampton,2022-05-07
727,2022-05-07 Crystal Palace-Watford,2022-05-07
728,2022-05-07 Brighton-Manchester Utd,2022-05-07
729,2022-05-08 Manchester City-Newcastle Utd,2022-05-08
730,2022-05-08 Norwich City-West Ham,2022-05-08
731,2022-05-08 Arsenal-Leeds United,2022-05-08
732,2022-05-08 Leicester City-Everton,2022-05-08
733,2022-05-10 Aston Villa-Liverpool,2022-05-10
734,2022-05-11 Wolves-Manchester City,2022-05-11
735,2022-05-11 Leeds United-Chelsea,2022-05-11
736,2022-05-11 Leicester City-Norwich City,2022-05-11
737,2022-05-11 Watford-Everton,2022-05-11
738,2022-05-12 Tottenham-Arsenal,2022-05-12
739,2022-05-15 Tottenham-Burnley,2022-05-15
740,2022-05-15 West Ham-Manchester City,2022-05-15
741,2022-05-15 Aston Villa-Crystal Palace,2022-05-15
742,2022-05-15 Watford-Leicester City,2022-05-15
743,2022-05-15 Everton-Brentford,2022-05-15
744,2022-05-15 Wolves-Norwich City,2022-05-15
745,2022-05-15 Leeds United-Brighton,2022-05-15
746,2022-05-16 Newcastle Utd-Arsenal,2022-05-16
747,2022-05-17 Southampton-Liverpool,2022-05-17
748,2022-05-19 Chelsea-Leicester City,2022-05-19
749,2022-05-19 Aston Villa-Burnley,2022-05-19
750,2022-05-19 Everton-Crystal Palace,2022-05-19
751,2022-05-22 Norwich City-Tottenham,2022-05-22
752,2022-05-22 Chelsea-Watford,2022-05-22
753,2022-05-22 Crystal Palace-Manchester Utd,2022-05-22
754,2022-05-22 Brighton-West Ham,2022-05-22
755,2022-05-22 Brentford-Leeds United,2022-05-22
756,2022-05-22 Leicester City-Southampton,2022-05-22
757,2022-05-22 Manchester City-Aston Villa,2022-05-22
758,2022-05-22 Liverpool-Wolves,2022-05-22
759,2022-05-22 Arsenal-Everton,2022-05-22
760,2022-05-22 Burnley-Newcastle Utd,2022-05-22
761,2022-08-05 Crystal Palace-Arsenal,2022-08-05
762,2022-08-06 Tottenham-Southampton,2022-08-06
763,2022-08-06 Everton-Chelsea,2022-08-06
764,2022-08-06 Newcastle Utd-Nott'ham Forest,2022-08-06
765,2022-08-06 Bournemouth-Aston Villa,2022-08-06
766,2022-08-06 Leeds United-Wolves,2022-08-06
767,2022-08-06 Fulham-Liverpool,2022-08-06
768,2022-08-07 Manchester Utd-Brighton,2022-08-07
769,2022-08-07 Leicester City-Brentford,2022-08-07
770,2022-08-07 West Ham-Manchester City,2022-08-07
771,2022-08-13 Brentford-Manchester Utd,2022-08-13
772,2022-08-13 Wolves-Fulham,2022-08-13
773,2022-08-13 Southampton-Leeds United,2022-08-13
774,2022-08-13 Aston Villa-Everton,2022-08-13
775,2022-08-13 Arsenal-Leicester City,2022-08-13
776,2022-08-13 Manchester City-Bournemouth,2022-08-13
777,2022-08-13 Brighton-Newcastle Utd,2022-08-13
778,2022-08-14 Nott'ham Forest-West Ham,2022-08-14
779,2022-08-14 Chelsea-Tottenham,2022-08-14
780,2022-08-15 Liverpool-Crystal Palace,2022-08-15
781,2022-08-20 Tottenham-Wolves,2022-08-20
782,2022-08-20 Crystal Palace-Aston Villa,2022-08-20
783,2022-08-20 Bournemouth-Arsenal,2022-08-20
784,2022-08-20 Leicester City-Southampton,2022-08-20
785,2022-08-20 Everton-Nott'ham Forest,2022-08-20
786,2022-08-20 Fulham-Brentford,2022-08-20
787,2022-08-21 Newcastle Utd-Manchester City,2022-08-21
788,2022-08-21 Leeds United-Chelsea,2022-08-21
789,2022-08-21 West Ham-Brighton,2022-08-21
790,2022-08-22 Manchester Utd-Liverpool,2022-08-22
791,2022-08-27 Brighton-Leeds United,2022-08-27
792,2022-08-27 Brentford-Everton,2022-08-27
793,2022-08-27 Arsenal-Fulham,2022-08-27
794,2022-08-27 Southampton-Manchester Utd,2022-08-27
795,2022-08-27 Manchester City-Crystal Palace,2022-08-27
796,2022-08-27 Liverpool-Bournemouth,2022-08-27
797,2022-08-27 Chelsea-Leicester City,2022-08-27
798,2022-08-28 Wolves-Newcastle Utd,2022-08-28
799,2022-08-28 Aston Villa-West Ham,2022-08-28
800,2022-08-28 Nott'ham Forest-Tottenham,2022-08-28
801,2022-08-30 Southampton-Chelsea,2022-08-30
802,2022-08-30 Fulham-Brighton,2022-08-30
803,2022-08-30 Leeds United-Everton,2022-08-30
804,2022-08-30 Crystal Palace-Brentford,2022-08-30
805,2022-08-31 Arsenal-Aston Villa,2022-08-31
806,2022-08-31 Liverpool-Newcastle Utd,2022-08-31
807,2022-08-31 Bournemouth-Wolves,2022-08-31
808,2022-08-31 Manchester City-Nott'ham Forest,2022-08-31
809,2022-08-31 West Ham-Tottenham,2022-08-31
810,2022-09-01 Leicester City-Manchester Utd,2022-09-01
811,2022-09-03 Aston Villa-Manchester City,2022-09-03
812,2022-09-03 Tottenham-Fulham,2022-09-03
813,2022-09-03 Wolves-Southampton,2022-09-03
814,2022-09-03 Everton-Liverpool,2022-09-03
815,2022-09-03 Chelsea-West Ham,2022-09-03
816,2022-09-03 Newcastle Utd-Crystal Palace,2022-09-03
817,2022-09-03 Nott'ham Forest-Bournemouth,2022-09-03
818,2022-09-03 Brentford-Leeds United,2022-09-03
819,2022-09-04 Manchester Utd-Arsenal,2022-09-04
820,2022-09-04 Brighton-Leicester City,2022-09-04
821,2022-09-16 Nott'ham Forest-Fulham,2022-09-16
822,2022-09-16 Aston Villa-Southampton,2022-09-16
823,2022-09-17 Wolves-Manchester City,2022-09-17
824,2022-09-17 Newcastle Utd-Bournemouth,2022-09-17
825,2022-09-17 Tottenham-Leicester City,2022-09-17
826,2022-09-18 Everton-West Ham,2022-09-18
827,2022-09-18 Brentford-Arsenal,2022-09-18
828,2022-10-01 Arsenal-Tottenham,2022-10-01
829,2022-10-01 Liverpool-Brighton,2022-10-01
830,2022-10-01 West Ham-Wolves,2022-10-01
831,2022-10-01 Crystal Palace-Chelsea,2022-10-01
832,2022-10-01 Fulham-Newcastle Utd,2022-10-01
833,2022-10-01 Southampton-Everton,2022-10-01
834,2022-10-01 Bournemouth-Brentford,2022-10-01
835,2022-10-02 Leeds United-Aston Villa,2022-10-02
836,2022-10-02 Manchester City-Manchester Utd,2022-10-02
837,2022-10-03 Leicester City-Nott'ham Forest,2022-10-03
838,2022-10-08 Brighton-Tottenham,2022-10-08
839,2022-10-08 Manchester City-Southampton,2022-10-08
840,2022-10-08 Chelsea-Wolves,2022-10-08
841,2022-10-08 Newcastle Utd-Brentford,2022-10-08
842,2022-10-08 Bournemouth-Leicester City,2022-10-08
843,2022-10-09 Everton-Manchester Utd,2022-10-09
844,2022-10-09 West Ham-Fulham,2022-10-09
845,2022-10-09 Arsenal-Liverpool,2022-10-09
846,2022-10-09 Crystal Palace-Leeds United,2022-10-09
847,2022-10-10 Nott'ham Forest-Aston Villa,2022-10-10
848,2022-10-14 Brentford-Brighton,2022-10-14
849,2022-10-15 Fulham-Bournemouth,2022-10-15
850,2022-10-15 Tottenham-Everton,2022-10-15
851,2022-10-15 Leicester City-Crystal Palace,2022-10-15
852,2022-10-15 Wolves-Nott'ham Forest,2022-10-15
853,2022-10-16 Liverpool-Manchester City,2022-10-16
854,2022-10-16 Manchester Utd-Newcastle Utd,2022-10-16
855,2022-10-16 Aston Villa-Chelsea,2022-10-16
856,2022-10-16 Southampton-West Ham,2022-10-16
857,2022-10-16 Leeds United-Arsenal,2022-10-16
858,2022-10-18 Brighton-Nott'ham Forest,2022-10-18
859,2022-10-18 Crystal Palace-Wolves,2022-10-18
860,2022-10-19 Bournemouth-Southampton,2022-10-19
861,2022-10-19 Newcastle Utd-Everton,2022-10-19
862,2022-10-19 Liverpool-West Ham,2022-10-19
863,2022-10-19 Brentford-Chelsea,2022-10-19
864,2022-10-19 Manchester Utd-Tottenham,2022-10-19
865,2022-10-20 Fulham-Aston Villa,2022-10-20
866,2022-10-20 Leicester City-Leeds United,2022-10-20
867,2022-10-22 Everton-Crystal Palace,2022-10-22
868,2022-10-22 Chelsea-Manchester Utd,2022-10-22
869,2022-10-22 Nott'ham Forest-Liverpool,2022-10-22
870,2022-10-22 Manchester City-Brighton,2022-10-22
871,2022-10-23 Wolves-Leicester City,2022-10-23
872,2022-10-23 Aston Villa-Brentford,2022-10-23
873,2022-10-23 Southampton-Arsenal,2022-10-23
874,2022-10-23 Leeds United-Fulham,2022-10-23
875,2022-10-23 Tottenham-Newcastle Utd,2022-10-23
876,2022-10-24 West Ham-Bournemouth,2022-10-24
877,2022-10-29 Crystal Palace-Southampton,2022-10-29
878,2022-10-29 Brentford-Wolves,2022-10-29
879,2022-10-29 Bournemouth-Tottenham,2022-10-29
880,2022-10-29 Liverpool-Leeds United,2022-10-29
881,2022-10-29 Leicester City-Manchester City,2022-10-29
882,2022-10-29 Fulham-Everton,2022-10-29
883,2022-10-29 Brighton-Chelsea,2022-10-29
884,2022-10-29 Newcastle Utd-Aston Villa,2022-10-29
885,2022-10-30 Arsenal-Nott'ham Forest,2022-10-30
886,2022-10-30 Manchester Utd-West Ham,2022-10-30
887,2022-11-05 Manchester City-Fulham,2022-11-05
888,2022-11-05 Leeds United-Bournemouth,2022-11-05
889,2022-11-05 Everton-Leicester City,2022-11-05
890,2022-11-05 Wolves-Brighton,2022-11-05
891,2022-11-05 Nott'ham Forest-Brentford,2022-11-05
892,2022-11-06 Southampton-Newcastle Utd,2022-11-06
893,2022-11-06 West Ham-Crystal Palace,2022-11-06
894,2022-11-06 Tottenham-Liverpool,2022-11-06
895,2022-11-06 Aston Villa-Manchester Utd,2022-11-06
896,2022-11-06 Chelsea-Arsenal,2022-11-06
897,2022-11-12 Wolves-Arsenal,2022-11-12
898,2022-11-12 Nott'ham Forest-Crystal Palace,2022-11-12
899,2022-11-12 West Ham-Leicester City,2022-11-12
900,2022-11-12 Newcastle Utd-Chelsea,2022-11-12
901,2022-11-12 Liverpool-Southampton,2022-11-12
902,2022-11-12 Manchester City-Brentford,2022-11-12
903,2022-11-12 Bournemouth-Everton,2022-11-12
904,2022-11-12 Tottenham-Leeds United,2022-11-12
905,2022-11-13 Brighton-Aston Villa,2022-11-13
906,2022-11-13 Fulham-Manchester Utd,2022-11-13
907,2022-12-26 Everton-Wolves,2022-12-26
908,2022-12-26 Arsenal-West Ham,2022-12-26
909,2022-12-26 Leicester City-Newcastle Utd,2022-12-26
910,2022-12-26 Aston Villa-Liverpool,2022-12-26
911,2022-12-26 Southampton-Brighton,2022-12-26
912,2022-12-26 Crystal Palace-Fulham,2022-12-26
913,2022-12-26 Brentford-Tottenham,2022-12-26
914,2022-12-27 Manchester Utd-Nott'ham Forest,2022-12-27
915,2022-12-27 Chelsea-Bournemouth,2022-12-27
916,2022-12-28 Leeds United-Manchester City,2022-12-28
917,2022-12-30 West Ham-Brentford,2022-12-30
918,2022-12-30 Liverpool-Leicester City,2022-12-30
919,2022-12-31 Wolves-Manchester Utd,2022-12-31
920,2022-12-31 Fulham-Southampton,2022-12-31
921,2022-12-31 Newcastle Utd-Leeds United,2022-12-31
922,2022-12-31 Brighton-Arsenal,2022-12-31
923,2022-12-31 Manchester City-Everton,2022-12-31
924,2022-12-31 Bournemouth-Crystal Palace,2022-12-31
925,2023-01-01 Tottenham-Aston Villa,2023-01-01
926,2023-01-01 Nott'ham Forest-Chelsea,2023-01-01
927,2023-01-02 Brentford-Liverpool,2023-01-02
928,2023-01-03 Arsenal-Newcastle Utd,2023-01-03
929,2023-01-03 Manchester Utd-Bournemouth,2023-01-03
930,2023-01-03 Leicester City-Fulham,2023-01-03
931,2023-01-03 Everton-Brighton,2023-01-03
932,2023-01-04 Leeds United-West Ham,2023-01-04
933,2023-01-04 Southampton-Nott'ham Forest,2023-01-04
934,2023-01-04 Aston Villa-Wolves,2023-01-04
935,2023-01-04 Crystal Palace-Tottenham,2023-01-04
936,2023-01-05 Chelsea-Manchester City,2023-01-05
937,2023-01-12 Fulham-Chelsea,2023-01-12
938,2023-01-13 Aston Villa-Leeds United,2023-01-13
939,2023-01-14 Everton-Southampton,2023-01-14
940,2023-01-14 Brentford-Bournemouth,2023-01-14
941,2023-01-14 Nott'ham Forest-Leicester City,2023-01-14
942,2023-01-14 Brighton-Liverpool,2023-01-14
943,2023-01-14 Manchester Utd-Manchester City,2023-01-14
944,2023-01-14 Wolves-West Ham,2023-01-14
945,2023-01-15 Newcastle Utd-Fulham,2023-01-15
946,2023-01-15 Chelsea-Crystal Palace,2023-01-15
947,2023-01-15 Tottenham-Arsenal,2023-01-15
948,2023-01-18 Crystal Palace-Manchester Utd,2023-01-18
949,2023-01-19 Manchester City-Tottenham,2023-01-19
950,2023-01-21 Crystal Palace-Newcastle Utd,2023-01-21
951,2023-01-21 Liverpool-Chelsea,2023-01-21
952,2023-01-21 Leicester City-Brighton,2023-01-21
953,2023-01-21 West Ham-Everton,2023-01-21
954,2023-01-21 Southampton-Aston Villa,2023-01-21
955,2023-01-21 Bournemouth-Nott'ham Forest,2023-01-21
956,2023-01-22 Arsenal-Manchester Utd,2023-01-22
957,2023-01-22 Leeds United-Brentford,2023-01-22
958,2023-01-22 Manchester City-Wolves,2023-01-22
959,2023-01-23 Fulham-Tottenham,2023-01-23
960,2023-02-03 Chelsea-Fulham,2023-02-03
961,2023-02-04 Brentford-Southampton,2023-02-04
962,2023-02-04 Newcastle Utd-West Ham,2023-02-04
963,2023-02-04 Manchester Utd-Crystal Palace,2023-02-04
964,2023-02-04 Everton-Arsenal,2023-02-04
965,2023-02-04 Wolves-Liverpool,2023-02-04
966,2023-02-04 Brighton-Bournemouth,2023-02-04
967,2023-02-04 Aston Villa-Leicester City,2023-02-04
968,2023-02-05 Tottenham-Manchester City,2023-02-05
969,2023-02-05 Nott'ham Forest-Leeds United,2023-02-05
970,2023-02-08 Manchester Utd-Leeds United,2023-02-08
971,2023-02-11 Southampton-Wolves,2023-02-11
972,2023-02-11 Bournemouth-Newcastle Utd,2023-02-11
973,2023-02-11 Crystal Palace-Brighton,2023-02-11
974,2023-02-11 Arsenal-Brentford,2023-02-11
975,2023-02-11 Leicester City-Tottenham,2023-02-11
976,2023-02-11 Fulham-Nott'ham Forest,2023-02-11
977,2023-02-11 West Ham-Chelsea,2023-02-11
978,2023-02-12 Leeds United-Manchester Utd,2023-02-12
979,2023-02-12 Manchester City-Aston Villa,2023-02-12
980,2023-02-13 Liverpool-Everton,2023-02-13
981,2023-02-15 Arsenal-Manchester City,2023-02-15
982,2023-02-18 Everton-Leeds United,2023-02-18
983,2023-02-18 Brentford-Crystal Palace,2023-02-18
984,2023-02-18 Aston Villa-Arsenal,2023-02-18
985,2023-02-18 Chelsea-Southampton,2023-02-18
986,2023-02-18 Wolves-Bournemouth,2023-02-18
987,2023-02-18 Brighton-Fulham,2023-02-18
988,2023-02-18 Nott'ham Forest-Manchester City,2023-02-18
989,2023-02-18 Newcastle Utd-Liverpool,2023-02-18
990,2023-02-19 Tottenham-West Ham,2023-02-19
991,2023-02-19 Manchester Utd-Leicester City,2023-02-19
992,2023-02-24 Fulham-Wolves,2023-02-24
993,2023-02-25 Crystal Palace-Liverpool,2023-02-25
994,2023-02-25 Leeds United-Southampton,2023-02-25
995,2023-02-25 Everton-Aston Villa,2023-02-25
996,2023-02-25 West Ham-Nott'ham Forest,2023-02-25
997,2023-02-25 Leicester City-Arsenal,2023-02-25
998,2023-02-25 Bournemouth-Manchester City,2023-02-25
999,2023-02-26 Tottenham-Chelsea,2023-02-26
1000,2023-03-01 Arsenal-Everton,2023-03-01
1001,2023-03-01 Liverpool-Wolves,2023-03-01
1002,2023-03-04 Southampton-Leicester City,2023-03-04
1003,2023-03-04 Manchester City-Newcastle Utd,2023-03-04
1004,2023-03-04 Wolves-Tottenham,2023-03-04
1005,2023-03-04 Chelsea-Leeds United,2023-03-04
1006,2023-03-04 Brighton-West Ham,2023-03-04
1007,2023-03-04 Arsenal-Bournemouth,2023-03-04
1008,2023-03-04 Aston Villa-Crystal Palace,2023-03-04
1009,2023-03-05 Nott'ham Forest-Everton,2023-03-05
1010,2023-03-05 Liverpool-Manchester Utd,2023-03-05
1011,2023-03-06 Brentford-Fulham,2023-03-06
1012,2023-03-11 Bournemouth-Liverpool,2023-03-11
1013,2023-03-11 Leicester City-Chelsea,2023-03-11
1014,2023-03-11 Crystal Palace-Manchester City,2023-03-11
1015,2023-03-11 Leeds United-Brighton,2023-03-11
1016,2023-03-11 Tottenham-Nott'ham Forest,2023-03-11
1017,2023-03-11 Everton-Brentford,2023-03-11
1018,2023-03-12 Manchester Utd-Southampton,2023-03-12
1019,2023-03-12 Newcastle Utd-Wolves,2023-03-12
1020,2023-03-12 Fulham-Arsenal,2023-03-12
1021,2023-03-12 West Ham-Aston Villa,2023-03-12
1022,2023-03-15 Brighton-Crystal Palace,2023-03-15
1023,2023-03-15 Southampton-Brentford,2023-03-15
1024,2023-03-17 Nott'ham Forest-Newcastle Utd,2023-03-17
1025,2023-03-18 Chelsea-Everton,2023-03-18
1026,2023-03-18 Wolves-Leeds United,2023-03-18
1027,2023-03-18 Aston Villa-Bournemouth,2023-03-18
1028,2023-03-18 Southampton-Tottenham,2023-03-18
1029,2023-03-18 Brentford-Leicester City,2023-03-18
1030,2023-03-19 Arsenal-Crystal Palace,2023-03-19
1031,2023-04-01 Manchester City-Liverpool,2023-04-01
1032,2023-04-01 Chelsea-Aston Villa,2023-04-01
1033,2023-04-01 Crystal Palace-Leicester City,2023-04-01
1034,2023-04-01 Arsenal-Leeds United,2023-04-01
1035,2023-04-01 Bournemouth-Fulham,2023-04-01
1036,2023-04-01 Brighton-Brentford,2023-04-01
1037,2023-04-01 Nott'ham Forest-Wolves,2023-04-01
1038,2023-04-02 Newcastle Utd-Manchester Utd,2023-04-02
1039,2023-04-02 West Ham-Southampton,2023-04-02
1040,2023-04-03 Everton-Tottenham,2023-04-03
1041,2023-04-04 Bournemouth-Brighton,2023-04-04
1042,2023-04-04 Chelsea-Liverpool,2023-04-04
1043,2023-04-04 Leeds United-Nott'ham Forest,2023-04-04
1044,2023-04-04 Leicester City-Aston Villa,2023-04-04
1045,2023-04-05 Manchester Utd-Brentford,2023-04-05
1046,2023-04-05 West Ham-Newcastle Utd,2023-04-05
1047,2023-04-08 Southampton-Manchester City,2023-04-08
1048,2023-04-08 Tottenham-Brighton,2023-04-08
1049,2023-04-08 Manchester Utd-Everton,2023-04-08
1050,2023-04-08 Aston Villa-Nott'ham Forest,2023-04-08
1051,2023-04-08 Wolves-Chelsea,2023-04-08
1052,2023-04-08 Fulham-West Ham,2023-04-08
1053,2023-04-08 Leicester City-Bournemouth,2023-04-08
1054,2023-04-08 Brentford-Newcastle Utd,2023-04-08
1055,2023-04-09 Leeds United-Crystal Palace,2023-04-09
1056,2023-04-09 Liverpool-Arsenal,2023-04-09
1057,2023-04-15 Everton-Fulham,2023-04-15
1058,2023-04-15 Manchester City-Leicester City,2023-04-15
1059,2023-04-15 Chelsea-Brighton,2023-04-15
1060,2023-04-15 Wolves-Brentford,2023-04-15
1061,2023-04-15 Tottenham-Bournemouth,2023-04-15
1062,2023-04-15 Southampton-Crystal Palace,2023-04-15
1063,2023-04-15 Aston Villa-Newcastle Utd,2023-04-15
1064,2023-04-16 West Ham-Arsenal,2023-04-16
1065,2023-04-16 Nott'ham Forest-Manchester Utd,2023-04-16
1066,2023-04-17 Leeds United-Liverpool,2023-04-17
1067,2023-04-21 Arsenal-Southampton,2023-04-21
1068,2023-04-22 Brentford-Aston Villa,2023-04-22
1069,2023-04-22 Fulham-Leeds United,2023-04-22
1070,2023-04-22 Liverpool-Nott'ham Forest,2023-04-22
1071,2023-04-22 Leicester City-Wolves,2023-04-22
1072,2023-04-22 Crystal Palace-Everton,2023-04-22
1073,2023-04-23 Newcastle Utd-Tottenham,2023-04-23
1074,2023-04-23 Bournemouth-West Ham,2023-04-23
1075,2023-04-25 Aston Villa-Fulham,2023-04-25
1076,2023-04-25 Wolves-Crystal Palace,2023-04-25
1077,2023-04-25 Leeds United-Leicester City,2023-04-25
1078,2023-04-26 Nott'ham Forest-Brighton,2023-04-26
1079,2023-04-26 Manchester City-Arsenal,2023-04-26
1080,2023-04-26 West Ham-Liverpool,2023-04-26
1081,2023-04-26 Chelsea-Brentford,2023-04-26
1082,2023-04-27 Southampton-Bournemouth,2023-04-27
1083,2023-04-27 Everton-Newcastle Utd,2023-04-27
1084,2023-04-27 Tottenham-Manchester Utd,2023-04-27
1085,2023-04-29 Crystal Palace-West Ham,2023-04-29
1086,2023-04-29 Brentford-Nott'ham Forest,2023-04-29
1087,2023-04-29 Brighton-Wolves,2023-04-29
1088,2023-04-30 Fulham-Manchester City,2023-04-30
1089,2023-04-30 Bournemouth-Leeds United,2023-04-30
1090,2023-04-30 Manchester Utd-Aston Villa,2023-04-30
1091,2023-04-30 Liverpool-Tottenham,2023-04-30
1092,2023-04-30 Newcastle Utd-Southampton,2023-04-30
1093,2023-05-01 Leicester City-Everton,2023-05-01
1094,2023-05-02 Arsenal-Chelsea,2023-05-02
1095,2023-05-03 Liverpool-Fulham,2023-05-03
1096,2023-05-03 Manchester City-West Ham,2023-05-03
1097,2023-05-04 Brighton-Manchester Utd,2023-05-04
1098,2023-05-06 Manchester City-Leeds United,2023-05-06
1099,2023-05-06 Tottenham-Crystal Palace,2023-05-06
1100,2023-05-06 Liverpool-Brentford,2023-05-06
1101,2023-05-06 Wolves-Aston Villa,2023-05-06
1102,2023-05-06 Bournemouth-Chelsea,2023-05-06
1103,2023-05-07 West Ham-Manchester Utd,2023-05-07
1104,2023-05-07 Newcastle Utd-Arsenal,2023-05-07
1105,2023-05-08 Fulham-Leicester City,2023-05-08
1106,2023-05-08 Brighton-Everton,2023-05-08
1107,2023-05-08 Nott'ham Forest-Southampton,2023-05-08
1108,2023-05-13 Leeds United-Newcastle Utd,2023-05-13
1109,2023-05-13 Southampton-Fulham,2023-05-13
1110,2023-05-13 Chelsea-Nott'ham Forest,2023-05-13
1111,2023-05-13 Crystal Palace-Bournemouth,2023-05-13
1112,2023-05-13 Aston Villa-Tottenham,2023-05-13
1113,2023-05-13 Manchester Utd-Wolves,2023-05-13
1114,2023-05-14 Arsenal-Brighton,2023-05-14
1115,2023-05-14 Brentford-West Ham,2023-05-14
1116,2023-05-14 Everton-Manchester City,2023-05-14
1117,2023-05-15 Leicester City-Liverpool,2023-05-15
1118,2023-05-18 Newcastle Utd-Brighton,2023-05-18
1119,2023-05-20 Nott'ham Forest-Arsenal,2023-05-20
1120,2023-05-20 Wolves-Everton,2023-05-20
1121,2023-05-20 Bournemouth-Manchester Utd,2023-05-20
1122,2023-05-20 Tottenham-Brentford,2023-05-20
1123,2023-05-20 Fulham-Crystal Palace,2023-05-20
1124,2023-05-20 Liverpool-Aston Villa,2023-05-20
1125,2023-05-21 Manchester City-Chelsea,2023-05-21
1126,2023-05-21 Brighton-Southampton,2023-05-21
1127,2023-05-21 West Ham-Leeds United,2023-05-21
1128,2023-05-22 Newcastle Utd-Leicester City,2023-05-22
1129,2023-05-24 Brighton-Manchester City,2023-05-24
1130,2023-05-25 Manchester Utd-Chelsea,2023-05-25
1131,2023-05-28 Arsenal-Wolves,2023-05-28
1132,2023-05-28 Aston Villa-Brighton,2023-05-28
1133,2023-05-28 Manchester Utd-Fulham,2023-05-28
1134,2023-05-28 Leeds United-Tottenham,2023-05-28
1135,2023-05-28 Brentford-Manchester City,2023-05-28
1136,2023-05-28 Chelsea-Newcastle Utd,2023-05-28
1137,2023-05-28 Leicester City-West Ham,2023-05-28
1138,2023-05-28 Crystal Palace-Nott'ham Forest,2023-05-28
1139,2023-05-28 Everton-Bournemouth,2023-05-28
1140,2023-05-28 Southampton-Liverpool,2023-05-28
1141,2023-08-11 Burnley-Manchester City,2023-08-11
1142,2023-08-12 Brighton-Luton Town,2023-08-12
1143,2023-08-12 Everton-Fulham,2023-08-12
1144,2023-08-12 Sheffield Utd-Crystal Palace,2023-08-12
1145,2023-08-12 Arsenal-Nott'ham Forest,2023-08-12
1146,2023-08-12 Newcastle Utd-Aston Villa,2023-08-12
1147,2023-08-12 Bournemouth-West Ham,2023-08-12
1148,2023-08-13 Brentford-Tottenham,2023-08-13
1149,2023-08-13 Chelsea-Liverpool,2023-08-13
1150,2023-08-14 Manchester Utd-Wolves,2023-08-14
1151,2023-08-18 Nott'ham Forest-Sheffield Utd,2023-08-18
1152,2023-08-19 Liverpool-Bournemouth,2023-08-19
1153,2023-08-19 Tottenham-Manchester Utd,2023-08-19
1154,2023-08-19 Wolves-Brighton,2023-08-19
1155,2023-08-19 Fulham-Brentford,2023-08-19
1156,2023-08-19 Manchester City-Newcastle Utd,2023-08-19
1157,2023-08-20 West Ham-Chelsea,2023-08-20
1158,2023-08-20 Aston Villa-Everton,2023-08-20
1159,2023-08-21 Crystal Palace-Arsenal,2023-08-21
1160,2023-08-25 Chelsea-Luton Town,2023-08-25
1161,2023-08-26 Everton-Wolves,2023-08-26
1162,2023-08-26 Arsenal-Fulham,2023-08-26
1163,2023-08-26 Bournemouth-Tottenham,2023-08-26
1164,2023-08-26 Brentford-Crystal Palace,2023-08-26
1165,2023-08-26 Manchester Utd-Nott'ham Forest,2023-08-26
1166,2023-08-26 Brighton-West Ham,2023-08-26
1167,2023-08-27 Burnley-Aston Villa,2023-08-27
1168,2023-08-27 Newcastle Utd-Liverpool,2023-08-27
1169,2023-08-27 Sheffield Utd-Manchester City,2023-08-27
1170,2023-09-01 Luton Town-West Ham,2023-09-01
1171,2023-09-02 Manchester City-Fulham,2023-09-02
1172,2023-09-02 Sheffield Utd-Everton,2023-09-02
1173,2023-09-02 Burnley-Tottenham,2023-09-02
1174,2023-09-02 Brentford-Bournemouth,2023-09-02
1175,2023-09-02 Chelsea-Nott'ham Forest,2023-09-02
1176,2023-09-02 Brighton-Newcastle Utd,2023-09-02
1177,2023-09-03 Crystal Palace-Wolves,2023-09-03
1178,2023-09-03 Arsenal-Manchester Utd,2023-09-03
1179,2023-09-03 Liverpool-Aston Villa,2023-09-03
1180,2023-09-16 Manchester Utd-Brighton,2023-09-16
1181,2023-09-16 Fulham-Luton Town,2023-09-16
1182,2023-09-16 Aston Villa-Crystal Palace,2023-09-16
1183,2023-09-16 Wolves-Liverpool,2023-09-16
1184,2023-09-16 Tottenham-Sheffield Utd,2023-09-16
1185,2023-09-16 West Ham-Manchester City,2023-09-16
1186,2023-09-16 Newcastle Utd-Brentford,2023-09-16
1187,2023-09-17 Bournemouth-Chelsea,2023-09-17
1188,2023-09-17 Everton-Arsenal,2023-09-17
1189,2023-09-18 Nott'ham Forest-Burnley,2023-09-18
1190,2023-09-23 Brentford-Everton,2023-09-23
1191,2023-09-23 Burnley-Manchester Utd,2023-09-23
1192,2023-09-23 Manchester City-Nott'ham Forest,2023-09-23
1193,2023-09-23 Crystal Palace-Fulham,2023-09-23
1194,2023-09-23 Luton Town-Wolves,2023-09-23
1195,2023-09-24 Arsenal-Tottenham,2023-09-24
1196,2023-09-24 Brighton-Bournemouth,2023-09-24
1197,2023-09-24 Liverpool-West Ham,2023-09-24
1198,2023-09-24 Sheffield Utd-Newcastle Utd,2023-09-24
1199,2023-09-24 Chelsea-Aston Villa,2023-09-24
1200,2023-09-30 Everton-Luton Town,2023-09-30
1201,2023-09-30 West Ham-Sheffield Utd,2023-09-30
1202,2023-09-30 Newcastle Utd-Burnley,2023-09-30
1203,2023-09-30 Manchester Utd-Crystal Palace,2023-09-30
1204,2023-09-30 Aston Villa-Brighton,2023-09-30
1205,2023-09-30 Tottenham-Liverpool,2023-09-30
1206,2023-09-30 Wolves-Manchester City,2023-09-30
1207,2023-09-30 Bournemouth-Arsenal,2023-09-30
1208,2023-10-01 Nott'ham Forest-Brentford,2023-10-01
1209,2023-10-02 Fulham-Chelsea,2023-10-02
1210,2023-10-03 Luton Town-Burnley,2023-10-03
1211,2023-10-07 Everton-Bournemouth,2023-10-07
1212,2023-10-07 Fulham-Sheffield Utd,2023-10-07
1213,2023-10-07 Burnley-Chelsea,2023-10-07
1214,2023-10-07 Luton Town-Tottenham,2023-10-07
1215,2023-10-07 Crystal Palace-Nott'ham Forest,2023-10-07
1216,2023-10-07 Manchester Utd-Brentford,2023-10-07
1217,2023-10-08 Arsenal-Manchester City,2023-10-08
1218,2023-10-08 West Ham-Newcastle Utd,2023-10-08
1219,2023-10-08 Brighton-Liverpool,2023-10-08
1220,2023-10-08 Wolves-Aston Villa,2023-10-08
1221,2023-10-21 Chelsea-Arsenal,2023-10-21
1222,2023-10-21 Liverpool-Everton,2023-10-21
1223,2023-10-21 Bournemouth-Wolves,2023-10-21
1224,2023-10-21 Manchester City-Brighton,2023-10-21
1225,2023-10-21 Newcastle Utd-Crystal Palace,2023-10-21
1226,2023-10-21 Nott'ham Forest-Luton Town,2023-10-21
1227,2023-10-21 Brentford-Burnley,2023-10-21
1228,2023-10-21 Sheffield Utd-Manchester Utd,2023-10-21
1229,2023-10-22 Aston Villa-West Ham,2023-10-22
1230,2023-10-23 Tottenham-Fulham,2023-10-23
1231,2023-10-27 Crystal Palace-Tottenham,2023-10-27
1232,2023-10-28 Chelsea-Brentford,2023-10-28
1233,2023-10-28 Wolves-Newcastle Utd,2023-10-28
1234,2023-10-28 Bournemouth-Burnley,2023-10-28
1235,2023-10-28 Arsenal-Sheffield Utd,2023-10-28
1236,2023-10-29 Aston Villa-Luton Town,2023-10-29
1237,2023-10-29 West Ham-Everton,2023-10-29
1238,2023-10-29 Manchester Utd-Manchester City,2023-10-29
1239,2023-10-29 Brighton-Fulham,2023-10-29
1240,2023-10-29 Liverpool-Nott'ham Forest,2023-10-29
1241,2023-11-04 Manchester City-Bournemouth,2023-11-04
1242,2023-11-04 Brentford-West Ham,2023-11-04
1243,2023-11-04 Everton-Brighton,2023-11-04
1244,2023-11-04 Newcastle Utd-Arsenal,2023-11-04
1245,2023-11-04 Sheffield Utd-Wolves,2023-11-04
1246,2023-11-04 Fulham-Manchester Utd,2023-11-04
1247,2023-11-04 Burnley-Crystal Palace,2023-11-04
1248,2023-11-05 Luton Town-Liverpool,2023-11-05
1249,2023-11-05 Nott'ham Forest-Aston Villa,2023-11-05
1250,2023-11-06 Tottenham-Chelsea,2023-11-06
1251,2023-11-11 Crystal Palace-Everton,2023-11-11
1252,2023-11-11 Wolves-Tottenham,2023-11-11
1253,2023-11-11 Manchester Utd-Luton Town,2023-11-11
1254,2023-11-11 Bournemouth-Newcastle Utd,2023-11-11
1255,2023-11-11 Arsenal-Burnley,2023-11-11
1256,2023-11-12 Aston Villa-Fulham,2023-11-12
1257,2023-11-12 West Ham-Nott'ham Forest,2023-11-12
1258,2023-11-12 Chelsea-Manchester City,2023-11-12
1259,2023-11-12 Brighton-Sheffield Utd,2023-11-12
1260,2023-11-12 Liverpool-Brentford,2023-11-12
1261,2023-11-25 Brentford-Arsenal,2023-11-25
1262,2023-11-25 Sheffield Utd-Bournemouth,2023-11-25
1263,2023-11-25 Burnley-West Ham,2023-11-25
1264,2023-11-25 Newcastle Utd-Chelsea,2023-11-25
1265,2023-11-25 Manchester City-Liverpool,2023-11-25
1266,2023-11-25 Luton Town-Crystal Palace,2023-11-25
1267,2023-11-25 Nott'ham Forest-Brighton,2023-11-25
1268,2023-11-26 Tottenham-Aston Villa,2023-11-26
1269,2023-11-26 Everton-Manchester Utd,2023-11-26
1270,2023-11-27 Fulham-Wolves,2023-11-27
1271,2023-12-02 Nott'ham Forest-Everton,2023-12-02
1272,2023-12-02 Brentford-Luton Town,2023-12-02
1273,2023-12-02 Arsenal-Wolves,2023-12-02
1274,2023-12-02 Burnley-Sheffield Utd,2023-12-02
1275,2023-12-02 Newcastle Utd-Manchester Utd,2023-12-02
1276,2023-12-03 Chelsea-Brighton,2023-12-03
1277,2023-12-03 Bournemouth-Aston Villa,2023-12-03
1278,2023-12-03 Liverpool-Fulham,2023-12-03
1279,2023-12-03 West Ham-Crystal Palace,2023-12-03
1280,2023-12-03 Manchester City-Tottenham,2023-12-03
1281,2023-12-05 Luton Town-Arsenal,2023-12-05
1282,2023-12-05 Wolves-Burnley,2023-12-05
1283,2023-12-06 Manchester Utd-Chelsea,2023-12-06
1284,2023-12-06 Crystal Palace-Bournemouth,2023-12-06
1285,2023-12-06 Brighton-Brentford,2023-12-06
1286,2023-12-06 Aston Villa-Manchester City,2023-12-06
1287,2023-12-06 Sheffield Utd-Liverpool,2023-12-06
1288,2023-12-06 Fulham-Nott'ham Forest,2023-12-06
1289,2023-12-07 Everton-Newcastle Utd,2023-12-07
1290,2023-12-07 Tottenham-West Ham,2023-12-07
1291,2023-12-09 Crystal Palace-Liverpool,2023-12-09
1292,2023-12-09 Brighton-Burnley,2023-12-09
1293,2023-12-09 Aston Villa-Arsenal,2023-12-09
1294,2023-12-09 Sheffield Utd-Brentford,2023-12-09
1295,2023-12-09 Wolves-Nott'ham Forest,2023-12-09
1296,2023-12-09 Manchester Utd-Bournemouth,2023-12-09
1297,2023-12-10 Tottenham-Newcastle Utd,2023-12-10
1298,2023-12-10 Fulham-West Ham,2023-12-10
1299,2023-12-10 Luton Town-Manchester City,2023-12-10
1300,2023-12-10 Everton-Chelsea,2023-12-10
1301,2023-12-15 Nott'ham Forest-Tottenham,2023-12-15
1302,2023-12-16 Burnley-Everton,2023-12-16
1303,2023-12-16 Newcastle Utd-Fulham,2023-12-16
1304,2023-12-16 Manchester City-Crystal Palace,2023-12-16
1305,2023-12-16 Chelsea-Sheffield Utd,2023-12-16
1306,2023-12-17 Arsenal-Brighton,2023-12-17
1307,2023-12-17 West Ham-Wolves,2023-12-17
1308,2023-12-17 Liverpool-Manchester Utd,2023-12-17
1309,2023-12-17 Brentford-Aston Villa,2023-12-17
1310,2023-12-21 Crystal Palace-Brighton,2023-12-21
1311,2023-12-22 Aston Villa-Sheffield Utd,2023-12-22
1312,2023-12-23 Liverpool-Arsenal,2023-12-23
1313,2023-12-23 Nott'ham Forest-Bournemouth,2023-12-23
1314,2023-12-23 Luton Town-Newcastle Utd,2023-12-23
1315,2023-12-23 Tottenham-Everton,2023-12-23
1316,2023-12-23 Fulham-Burnley,2023-12-23
1317,2023-12-23 West Ham-Manchester Utd,2023-12-23
1318,2023-12-24 Wolves-Chelsea,2023-12-24
1319,2023-12-26 Bournemouth-Fulham,2023-12-26
1320,2023-12-26 Manchester Utd-Aston Villa,2023-12-26
1321,2023-12-26 Sheffield Utd-Luton Town,2023-12-26
1322,2023-12-26 Newcastle Utd-Nott'ham Forest,2023-12-26
1323,2023-12-26 Burnley-Liverpool,2023-12-26
1324,2023-12-27 Brentford-Wolves,2023-12-27
1325,2023-12-27 Chelsea-Crystal Palace,2023-12-27
1326,2023-12-27 Everton-Manchester City,2023-12-27
1327,2023-12-28 Arsenal-West Ham,2023-12-28
1328,2023-12-28 Brighton-Tottenham,2023-12-28
1329,2023-12-30 Crystal Palace-Brentford,2023-12-30
1330,2023-12-30 Wolves-Everton,2023-12-30
1331,2023-12-30 Aston Villa-Burnley,2023-12-30
1332,2023-12-30 Manchester City-Sheffield Utd,2023-12-30
1333,2023-12-30 Nott'ham Forest-Manchester Utd,2023-12-30
1334,2023-12-30 Luton Town-Chelsea,2023-12-30
1335,2023-12-31 Fulham-Arsenal,2023-12-31
1336,2023-12-31 Tottenham-Bournemouth,2023-12-31
1337,2024-01-01 Liverpool-Newcastle Utd,2024-01-01
1338,2024-01-02 West Ham-Brighton,2024-01-02
1339,2024-01-12 Burnley-Luton Town,2024-01-12
1340,2024-01-13 Newcastle Utd-Manchester City,2024-01-13
1341,2024-01-13 Chelsea-Fulham,2024-01-13
1342,2024-01-14 Manchester Utd-Tottenham,2024-01-14
1343,2024-01-14 Everton-Aston Villa,2024-01-14
1344,2024-01-20 Brentford-Nott'ham Forest,2024-01-20
1345,2024-01-20 Arsenal-Crystal Palace,2024-01-20
1346,2024-01-21 Bournemouth-Liverpool,2024-01-21
1347,2024-01-21 Sheffield Utd-West Ham,2024-01-21
1348,2024-01-22 Brighton-Wolves,2024-01-22
1349,2024-01-30 Nott'ham Forest-Arsenal,2024-01-30
1350,2024-01-30 Luton Town-Brighton,2024-01-30
1351,2024-01-30 Fulham-Everton,2024-01-30
1352,2024-01-30 Aston Villa-Newcastle Utd,2024-01-30
1353,2024-01-30 Crystal Palace-Sheffield Utd,2024-01-30
1354,2024-01-31 Liverpool-Chelsea,2024-01-31
1355,2024-01-31 Manchester City-Burnley,2024-01-31
1356,2024-01-31 Tottenham-Brentford,2024-01-31
1357,2024-02-01 West Ham-Bournemouth,2024-02-01
1358,2024-02-01 Wolves-Manchester Utd,2024-02-01
1359,2024-02-03 Brighton-Crystal Palace,2024-02-03
1360,2024-02-03 Newcastle Utd-Luton Town,2024-02-03
1361,2024-02-03 Burnley-Fulham,2024-02-03
1362,2024-02-03 Everton-Tottenham,2024-02-03
1363,2024-02-03 Sheffield Utd-Aston Villa,2024-02-03
1364,2024-02-04 Chelsea-Wolves,2024-02-04
1365,2024-02-04 Bournemouth-Nott'ham Forest,2024-02-04
1366,2024-02-04 Manchester Utd-West Ham,2024-02-04
1367,2024-02-04 Arsenal-Liverpool,2024-02-04
1368,2024-02-05 Brentford-Manchester City,2024-02-05
1369,2024-02-10 Nott'ham Forest-Newcastle Utd,2024-02-10
1370,2024-02-10 Liverpool-Burnley,2024-02-10
1371,2024-02-10 Fulham-Bournemouth,2024-02-10
1372,2024-02-10 Luton Town-Sheffield Utd,2024-02-10
1373,2024-02-10 Wolves-Brentford,2024-02-10
1374,2024-02-10 Manchester City-Everton,2024-02-10
1375,2024-02-10 Tottenham-Brighton,2024-02-10
1376,2024-02-11 Aston Villa-Manchester Utd,2024-02-11
1377,2024-02-11 West Ham-Arsenal,2024-02-11
1378,2024-02-12 Crystal Palace-Chelsea,2024-02-12
1379,2024-02-17 Nott'ham Forest-West Ham,2024-02-17
1380,2024-02-17 Brentford-Liverpool,2024-02-17
1381,2024-02-17 Burnley-Arsenal,2024-02-17
1382,2024-02-17 Newcastle Utd-Bournemouth,2024-02-17
1383,2024-02-17 Tottenham-Wolves,2024-02-17
1384,2024-02-17 Manchester City-Chelsea,2024-02-17
1385,2024-02-17 Fulham-Aston Villa,2024-02-17
1386,2024-02-18 Luton Town-Manchester Utd,2024-02-18
1387,2024-02-18 Sheffield Utd-Brighton,2024-02-18
1388,2024-02-19 Everton-Crystal Palace,2024-02-19
1389,2024-02-20 Manchester City-Brentford,2024-02-20
1390,2024-02-21 Liverpool-Luton Town,2024-02-21
1391,2024-02-24 Arsenal-Newcastle Utd,2024-02-24
1392,2024-02-24 Bournemouth-Manchester City,2024-02-24
1393,2024-02-24 Aston Villa-Nott'ham Forest,2024-02-24
1394,2024-02-24 Manchester Utd-Fulham,2024-02-24
1395,2024-02-24 Brighton-Everton,2024-02-24
1396,2024-02-24 Crystal Palace-Burnley,2024-02-24
1397,2024-02-25 Wolves-Sheffield Utd,2024-02-25
1398,2024-02-26 West Ham-Brentford,2024-02-26
1399,2024-03-02 Brentford-Chelsea,2024-03-02
1400,2024-03-02 Fulham-Brighton,2024-03-02
1401,2024-03-02 Everton-West Ham,2024-03-02
1402,2024-03-02 Newcastle Utd-Wolves,2024-03-02
1403,2024-03-02 Nott'ham Forest-Liverpool,2024-03-02
1404,2024-03-02 Luton Town-Aston Villa,2024-03-02
1405,2024-03-02 Tottenham-Crystal Palace,2024-03-02
1406,2024-03-03 Manchester City-Manchester Utd,2024-03-03
1407,2024-03-03 Burnley-Bournemouth,2024-03-03
1408,2024-03-04 Sheffield Utd-Arsenal,2024-03-04
1409,2024-03-09 Crystal Palace-Luton Town,2024-03-09
1410,2024-03-09 Manchester Utd-Everton,2024-03-09
1411,2024-03-09 Wolves-Fulham,2024-03-09
1412,2024-03-09 Arsenal-Brentford,2024-03-09
1413,2024-03-09 Bournemouth-Sheffield Utd,2024-03-09
1414,2024-03-10 Brighton-Nott'ham Forest,2024-03-10
1415,2024-03-10 West Ham-Burnley,2024-03-10
1416,2024-03-10 Aston Villa-Tottenham,2024-03-10
1417,2024-03-10 Liverpool-Manchester City,2024-03-10
1418,2024-03-11 Chelsea-Newcastle Utd,2024-03-11
1419,2024-03-13 Bournemouth-Luton Town,2024-03-13
1420,2024-03-16 Fulham-Tottenham,2024-03-16
1421,2024-03-16 Burnley-Brentford,2024-03-16
1422,2024-03-16 Luton Town-Nott'ham Forest,2024-03-16
1423,2024-03-17 West Ham-Aston Villa,2024-03-17
1424,2024-03-30 Tottenham-Luton Town,2024-03-30
1425,2024-03-30 Bournemouth-Everton,2024-03-30
1426,2024-03-30 Sheffield Utd-Fulham,2024-03-30
1427,2024-03-30 Aston Villa-Wolves,2024-03-30
1428,2024-03-30 Newcastle Utd-West Ham,2024-03-30
1429,2024-03-30 Brentford-Manchester Utd,2024-03-30
1430,2024-03-30 Chelsea-Burnley,2024-03-30
1431,2024-03-30 Nott'ham Forest-Crystal Palace,2024-03-30
1432,2024-03-31 Liverpool-Brighton,2024-03-31
1433,2024-03-31 Manchester City-Arsenal,2024-03-31
1434,2024-04-02 West Ham-Tottenham,2024-04-02
1435,2024-04-02 Burnley-Wolves,2024-04-02
1436,2024-04-02 Nott'ham Forest-Fulham,2024-04-02
1437,2024-04-02 Bournemouth-Crystal Palace,2024-04-02
1438,2024-04-02 Newcastle Utd-Everton,2024-04-02
1439,2024-04-03 Manchester City-Aston Villa,2024-04-03
1440,2024-04-03 Brentford-Brighton,2024-04-03
1441,2024-04-03 Arsenal-Luton Town,2024-04-03
1442,2024-04-04 Chelsea-Manchester Utd,2024-04-04
1443,2024-04-04 Liverpool-Sheffield Utd,2024-04-04
1444,2024-04-06 Luton Town-Bournemouth,2024-04-06
1445,2024-04-06 Aston Villa-Brentford,2024-04-06
1446,2024-04-06 Wolves-West Ham,2024-04-06
1447,2024-04-06 Everton-Burnley,2024-04-06
1448,2024-04-06 Fulham-Newcastle Utd,2024-04-06
1449,2024-04-06 Crystal Palace-Manchester City,2024-04-06
1450,2024-04-06 Brighton-Arsenal,2024-04-06
1451,2024-04-07 Sheffield Utd-Chelsea,2024-04-07
1452,2024-04-07 Manchester Utd-Liverpool,2024-04-07
1453,2024-04-07 Tottenham-Nott'ham Forest,2024-04-07
1454,2024-04-13 Bournemouth-Manchester Utd,2024-04-13
1455,2024-04-13 Brentford-Sheffield Utd,2024-04-13
1456,2024-04-13 Newcastle Utd-Tottenham,2024-04-13
1457,2024-04-13 Burnley-Brighton,2024-04-13
1458,2024-04-13 Manchester City-Luton Town,2024-04-13
1459,2024-04-13 Nott'ham Forest-Wolves,2024-04-13
1460,2024-04-14 Liverpool-Crystal Palace,2024-04-14
1461,2024-04-14 Arsenal-Aston Villa,2024-04-14
1462,2024-04-14 West Ham-Fulham,2024-04-14
1463,2024-04-15 Chelsea-Everton,2024-04-15
1464,2024-04-20 Sheffield Utd-Burnley,2024-04-20
1465,2024-04-20 Wolves-Arsenal,2024-04-20
1466,2024-04-20 Luton Town-Brentford,2024-04-20
1467,2024-04-21 Fulham-Liverpool,2024-04-21
1468,2024-04-21 Aston Villa-Bournemouth,2024-04-21
1469,2024-04-21 Crystal Palace-West Ham,2024-04-21
1470,2024-04-21 Everton-Nott'ham Forest,2024-04-21
1471,2024-04-23 Arsenal-Chelsea,2024-04-23
1472,2024-04-24 Manchester Utd-Sheffield Utd,2024-04-24
1473,2024-04-24 Everton-Liverpool,2024-04-24
1474,2024-04-24 Wolves-Bournemouth,2024-04-24
1475,2024-04-24 Crystal Palace-Newcastle Utd,2024-04-24
1476,2024-04-25 Brighton-Manchester City,2024-04-25
1477,2024-04-27 West Ham-Liverpool,2024-04-27
1478,2024-04-27 Manchester Utd-Burnley,2024-04-27
1479,2024-04-27 Everton-Brentford,2024-04-27
1480,2024-04-27 Wolves-Luton Town,2024-04-27
1481,2024-04-27 Newcastle Utd-Sheffield Utd,2024-04-27
1482,2024-04-27 Fulham-Crystal Palace,2024-04-27
1483,2024-04-27 Aston Villa-Chelsea,2024-04-27
1484,2024-04-28 Nott'ham Forest-Manchester City,2024-04-28
1485,2024-04-28 Tottenham-Arsenal,2024-04-28
1486,2024-04-28 Bournemouth-Brighton,2024-04-28
1487,2024-05-02 Chelsea-Tottenham,2024-05-02
1488,2024-05-03 Luton Town-Everton,2024-05-03
1489,2024-05-04 Burnley-Newcastle Utd,2024-05-04
1490,2024-05-04 Sheffield Utd-Nott'ham Forest,2024-05-04
1491,2024-05-04 Manchester City-Wolves,2024-05-04
1492,2024-05-04 Brentford-Fulham,2024-05-04
1493,2024-05-04 Arsenal-Bournemouth,2024-05-04
1494,2024-05-05 Brighton-Aston Villa,2024-05-05
1495,2024-05-05 Liverpool-Tottenham,2024-05-05
1496,2024-05-05 Chelsea-West Ham,2024-05-05
1497,2024-05-06 Crystal Palace-Manchester Utd,2024-05-06
1498,2024-05-11 Bournemouth-Brentford,2024-05-11
1499,2024-05-11 Newcastle Utd-Brighton,2024-05-11
1500,2024-05-11 West Ham-Luton Town,2024-05-11
1501,2024-05-11 Tottenham-Burnley,2024-05-11
1502,2024-05-11 Nott'ham Forest-Chelsea,2024-05-11
1503,2024-05-11 Fulham-Manchester City,2024-05-11
1504,2024-05-11 Everton-Sheffield Utd,2024-05-11
1505,2024-05-11 Wolves-Crystal Palace,2024-05-11
1506,2024-05-12 Manchester Utd-Arsenal,2024-05-12
1507,2024-05-13 Aston Villa-Liverpool,2024-05-13
1508,2024-05-14 Tottenham-Manchester City,2024-05-14
1509,2024-05-15 Brighton-Chelsea,2024-05-15
1510,2024-05-15 Manchester Utd-Newcastle Utd,2024-05-15
1511,2024-05-19 Chelsea-Bournemouth,2024-05-19
1512,2024-05-19 Crystal Palace-Aston Villa,2024-05-19
1513,2024-05-19 Burnley-Nott'ham Forest,2024-05-19
1514,2024-05-19 Sheffield Utd-Tottenham,2024-05-19
1515,2024-05-19 Arsenal-Everton,2024-05-19
1516,2024-05-19 Brighton-Manchester Utd,2024-05-19
1517,2024-05-19 Liverpool-Wolves,2024-05-19
1518,2024-05-19 Manchester City-West Ham,2024-05-19
1519,2024-05-19 Brentford-Newcastle Utd,2024-05-19
1520,2024-05-19 Luton Town-Fulham,2024-05-19
1521,2024-08-16 Manchester Utd-Fulham,2024-08-16
1522,2024-08-17 Everton-Brighton,2024-08-17
1523,2024-08-17 West Ham-Aston Villa,2024-08-17
1524,2024-08-17 Newcastle Utd-Southampton,2024-08-17
1525,2024-08-17 Arsenal-Wolves,2024-08-17
1526,2024-08-17 Nott'ham Forest-Bournemouth,2024-08-17
1527,2024-08-17 Ipswich Town-Liverpool,2024-08-17
1528,2024-08-18 Chelsea-Manchester City,2024-08-18
1529,2024-08-18 Brentford-Crystal Palace,2024-08-18
1530,2024-08-19 Leicester City-Tottenham,2024-08-19
1531,2024-08-24 Southampton-Nott'ham Forest,2024-08-24
1532,2024-08-24 Manchester City-Ipswich Town,2024-08-24
1533,2024-08-24 Crystal Palace-West Ham,2024-08-24
1534,2024-08-24 Brighton-Manchester Utd,2024-08-24
1535,2024-08-24 Fulham-Leicester City,2024-08-24
1536,2024-08-24 Aston Villa-Arsenal,2024-08-24
1537,2024-08-24 Tottenham-Everton,2024-08-24
1538,2024-08-25 Wolves-Chelsea,2024-08-25
1539,2024-08-25 Bournemouth-Newcastle Utd,2024-08-25
1540,2024-08-25 Liverpool-Brentford,2024-08-25
1541,2024-08-31 Arsenal-Brighton,2024-08-31
1542,2024-08-31 West Ham-Manchester City,2024-08-31
1543,2024-08-31 Leicester City-Aston Villa,2024-08-31
1544,2024-08-31 Nott'ham Forest-Wolves,2024-08-31
1545,2024-08-31 Brentford-Southampton,2024-08-31
1546,2024-08-31 Ipswich Town-Fulham,2024-08-31
1547,2024-08-31 Everton-Bournemouth,2024-08-31
1548,2024-09-01 Manchester Utd-Liverpool,2024-09-01
1549,2024-09-01 Newcastle Utd-Tottenham,2024-09-01
1550,2024-09-01 Chelsea-Crystal Palace,2024-09-01
1551,2024-09-14 Bournemouth-Chelsea,2024-09-14
1552,2024-09-14 Liverpool-Nott'ham Forest,2024-09-14
1553,2024-09-14 Southampton-Manchester Utd,2024-09-14
1554,2024-09-14 Manchester City-Brentford,2024-09-14
1555,2024-09-14 Aston Villa-Everton,2024-09-14
1556,2024-09-14 Fulham-West Ham,2024-09-14
1557,2024-09-14 Brighton-Ipswich Town,2024-09-14
1558,2024-09-14 Crystal Palace-Leicester City,2024-09-14
1559,2024-09-15 Tottenham-Arsenal,2024-09-15
1560,2024-09-15 Wolves-Newcastle Utd,2024-09-15
1561,2024-09-21 Southampton-Ipswich Town,2024-09-21
1562,2024-09-21 Crystal Palace-Manchester Utd,2024-09-21
1563,2024-09-21 Aston Villa-Wolves,2024-09-21
1564,2024-09-21 West Ham-Chelsea,2024-09-21
1565,2024-09-21 Leicester City-Everton,2024-09-21
1566,2024-09-21 Liverpool-Bournemouth,2024-09-21
1567,2024-09-21 Tottenham-Brentford,2024-09-21
1568,2024-09-21 Fulham-Newcastle Utd,2024-09-21
1569,2024-09-22 Manchester City-Arsenal,2024-09-22
1570,2024-09-22 Brighton-Nott'ham Forest,2024-09-22
1571,2024-09-28 Chelsea-Brighton,2024-09-28
1572,2024-09-28 Brentford-West Ham,2024-09-28
1573,2024-09-28 Nott'ham Forest-Fulham,2024-09-28
1574,2024-09-28 Arsenal-Leicester City,2024-09-28
1575,2024-09-28 Wolves-Liverpool,2024-09-28
1576,2024-09-28 Everton-Crystal Palace,2024-09-28
1577,2024-09-28 Newcastle Utd-Manchester City,2024-09-28
1578,2024-09-29 Manchester Utd-Tottenham,2024-09-29
1579,2024-09-29 Ipswich Town-Aston Villa,2024-09-29
1580,2024-09-30 Bournemouth-Southampton,2024-09-30
1581,2024-10-05 West Ham-Ipswich Town,2024-10-05
1582,2024-10-05 Everton-Newcastle Utd,2024-10-05
1583,2024-10-05 Manchester City-Fulham,2024-10-05
1584,2024-10-05 Arsenal-Southampton,2024-10-05
1585,2024-10-05 Brentford-Wolves,2024-10-05
1586,2024-10-05 Leicester City-Bournemouth,2024-10-05
1587,2024-10-05 Crystal Palace-Liverpool,2024-10-05
1588,2024-10-06 Aston Villa-Manchester Utd,2024-10-06
1589,2024-10-06 Chelsea-Nott'ham Forest,2024-10-06
1590,2024-10-06 Brighton-Tottenham,2024-10-06
1591,2024-10-19 Fulham-Aston Villa,2024-10-19
1592,2024-10-19 Manchester Utd-Brentford,2024-10-19
1593,2024-10-19 Bournemouth-Arsenal,2024-10-19
1594,2024-10-19 Southampton-Leicester City,2024-10-19
1595,2024-10-19 Tottenham-West Ham,2024-10-19
1596,2024-10-19 Ipswich Town-Everton,2024-10-19
1597,2024-10-19 Newcastle Utd-Brighton,2024-10-19
1598,2024-10-20 Liverpool-Chelsea,2024-10-20
1599,2024-10-20 Wolves-Manchester City,2024-10-20
1600,2024-10-21 Nott'ham Forest-Crystal Palace,2024-10-21
1601,2024-10-25 Leicester City-Nott'ham Forest,2024-10-25
1602,2024-10-26 Manchester City-Southampton,2024-10-26
1603,2024-10-26 Brentford-Ipswich Town,2024-10-26
1604,2024-10-26 Aston Villa-Bournemouth,2024-10-26
1605,2024-10-26 Everton-Fulham,2024-10-26
1606,2024-10-26 Brighton-Wolves,2024-10-26
1607,2024-10-27 West Ham-Manchester Utd,2024-10-27
1608,2024-10-27 Arsenal-Liverpool,2024-10-27
1609,2024-10-27 Crystal Palace-Tottenham,2024-10-27
1610,2024-10-27 Chelsea-Newcastle Utd,2024-10-27
1611,2024-11-02 Liverpool-Brighton,2024-11-02
1612,2024-11-02 Wolves-Crystal Palace,2024-11-02
1613,2024-11-02 Newcastle Utd-Arsenal,2024-11-02
1614,2024-11-02 Bournemouth-Manchester City,2024-11-02
1615,2024-11-02 Southampton-Everton,2024-11-02
1616,2024-11-02 Ipswich Town-Leicester City,2024-11-02
1617,2024-11-02 Nott'ham Forest-West Ham,2024-11-02
1618,2024-11-03 Tottenham-Aston Villa,2024-11-03
1619,2024-11-03 Manchester Utd-Chelsea,2024-11-03
1620,2024-11-04 Fulham-Brentford,2024-11-04
1621,2024-11-09 Brentford-Bournemouth,2024-11-09
1622,2024-11-09 Wolves-Southampton,2024-11-09
1623,2024-11-09 Liverpool-Aston Villa,2024-11-09
1624,2024-11-09 Crystal Palace-Fulham,2024-11-09
1625,2024-11-09 West Ham-Everton,2024-11-09
1626,2024-11-09 Brighton-Manchester City,2024-11-09
1627,2024-11-10 Manchester Utd-Leicester City,2024-11-10
1628,2024-11-10 Tottenham-Ipswich Town,2024-11-10
1629,2024-11-10 Chelsea-Arsenal,2024-11-10
1630,2024-11-10 Nott'ham Forest-Newcastle Utd,2024-11-10
1631,2024-11-23 Bournemouth-Brighton,2024-11-23
1632,2024-11-23 Manchester City-Tottenham,2024-11-23
1633,2024-11-23 Everton-Brentford,2024-11-23
1634,2024-11-23 Leicester City-Chelsea,2024-11-23
1635,2024-11-23 Arsenal-Nott'ham Forest,2024-11-23
1636,2024-11-23 Aston Villa-Crystal Palace,2024-11-23
1637,2024-11-23 Fulham-Wolves,2024-11-23
1638,2024-11-24 Ipswich Town-Manchester Utd,2024-11-24
1639,2024-11-24 Southampton-Liverpool,2024-11-24
1640,2024-11-25 Newcastle Utd-West Ham,2024-11-25
1641,2024-11-29 Brighton-Southampton,2024-11-29
1642,2024-11-30 West Ham-Arsenal,2024-11-30
1643,2024-11-30 Crystal Palace-Newcastle Utd,2024-11-30
1644,2024-11-30 Wolves-Bournemouth,2024-11-30
1645,2024-11-30 Brentford-Leicester City,2024-11-30
1646,2024-11-30 Nott'ham Forest-Ipswich Town,2024-11-30
1647,2024-12-01 Liverpool-Manchester City,2024-12-01
1648,2024-12-01 Chelsea-Aston Villa,2024-12-01
1649,2024-12-01 Manchester Utd-Everton,2024-12-01
1650,2024-12-01 Tottenham-Fulham,2024-12-01
1651,2024-12-03 Ipswich Town-Crystal Palace,2024-12-03
1652,2024-12-03 Leicester City-West Ham,2024-12-03
1653,2024-12-04 Aston Villa-Brentford,2024-12-04
1654,2024-12-04 Newcastle Utd-Liverpool,2024-12-04
1655,2024-12-04 Southampton-Chelsea,2024-12-04
1656,2024-12-04 Manchester City-Nott'ham Forest,2024-12-04
1657,2024-12-04 Arsenal-Manchester Utd,2024-12-04
1658,2024-12-04 Everton-Wolves,2024-12-04
1659,2024-12-05 Fulham-Brighton,2024-12-05
1660,2024-12-05 Bournemouth-Tottenham,2024-12-05
1661,2024-12-07 Crystal Palace-Manchester City,2024-12-07
1662,2024-12-07 Brentford-Newcastle Utd,2024-12-07
1663,2024-12-07 Aston Villa-Southampton,2024-12-07
1664,2024-12-07 Manchester Utd-Nott'ham Forest,2024-12-07
1665,2024-12-08 Leicester City-Brighton,2024-12-08
1666,2024-12-08 Ipswich Town-Bournemouth,2024-12-08
1667,2024-12-08 Tottenham-Chelsea,2024-12-08
1668,2024-12-08 Fulham-Arsenal,2024-12-08
1669,2024-12-09 West Ham-Wolves,2024-12-09
1670,2024-12-14 Nott'ham Forest-Aston Villa,2024-12-14
1671,2024-12-14 Arsenal-Everton,2024-12-14
1672,2024-12-14 Liverpool-Fulham,2024-12-14
1673,2024-12-14 Newcastle Utd-Leicester City,2024-12-14
1674,2024-12-14 Wolves-Ipswich Town,2024-12-14
1675,2024-12-15 Manchester City-Manchester Utd,2024-12-15
1676,2024-12-15 Southampton-Tottenham,2024-12-15
1677,2024-12-15 Chelsea-Brentford,2024-12-15
1678,2024-12-15 Brighton-Crystal Palace,2024-12-15
1679,2024-12-16 Bournemouth-West Ham,2024-12-16
1680,2024-12-21 West Ham-Brighton,2024-12-21
1681,2024-12-21 Crystal Palace-Arsenal,2024-12-21
1682,2024-12-21 Aston Villa-Manchester City,2024-12-21
1683,2024-12-21 Ipswich Town-Newcastle Utd,2024-12-21
1684,2024-12-21 Brentford-Nott'ham Forest,2024-12-21
1685,2024-12-22 Manchester Utd-Bournemouth,2024-12-22
1686,2024-12-22 Fulham-Southampton,2024-12-22
1687,2024-12-22 Tottenham-Liverpool,2024-12-22
1688,2024-12-22 Leicester City-Wolves,2024-12-22
1689,2024-12-22 Everton-Chelsea,2024-12-22
1690,2024-12-26 Bournemouth-Crystal Palace,2024-12-26
1691,2024-12-26 Wolves-Manchester Utd,2024-12-26
1692,2024-12-26 Liverpool-Leicester City,2024-12-26
1693,2024-12-26 Southampton-West Ham,2024-12-26
1694,2024-12-26 Nott'ham Forest-Tottenham,2024-12-26
1695,2024-12-26 Chelsea-Fulham,2024-12-26
1696,2024-12-26 Newcastle Utd-Aston Villa,2024-12-26
1697,2024-12-26 Manchester City-Everton,2024-12-26
1698,2024-12-27 Arsenal-Ipswich Town,2024-12-27
1699,2024-12-27 Brighton-Brentford,2024-12-27
1700,2024-12-29 Crystal Palace-Southampton,2024-12-29
1701,2024-12-29 Tottenham-Wolves,2024-12-29
1702,2024-12-29 West Ham-Liverpool,2024-12-29
1703,2024-12-29 Leicester City-Manchester City,2024-12-29
1704,2024-12-29 Fulham-Bournemouth,2024-12-29
1705,2024-12-29 Everton-Nott'ham Forest,2024-12-29
1706,2024-12-30 Aston Villa-Brighton,2024-12-30
1707,2024-12-30 Ipswich Town-Chelsea,2024-12-30
1708,2024-12-30 Manchester Utd-Newcastle Utd,2024-12-30
1709,2025-01-01 Brentford-Arsenal,2025-01-01
1710,2025-01-04 Tottenham-Newcastle Utd,2025-01-04
1711,2025-01-04 Manchester City-West Ham,2025-01-04
1712,2025-01-04 Aston Villa-Leicester City,2025-01-04
1713,2025-01-04 Brighton-Arsenal,2025-01-04
1714,2025-01-04 Southampton-Brentford,2025-01-04
1715,2025-01-04 Crystal Palace-Chelsea,2025-01-04
1716,2025-01-04 Bournemouth-Everton,2025-01-04
1717,2025-01-05 Fulham-Ipswich Town,2025-01-05
1718,2025-01-05 Liverpool-Manchester Utd,2025-01-05
1719,2025-01-06 Wolves-Nott'ham Forest,2025-01-06
1720,2025-01-14 West Ham-Fulham,2025-01-14
1721,2025-01-14 Chelsea-Bournemouth,2025-01-14
1722,2025-01-14 Nott'ham Forest-Liverpool,2025-01-14
1723,2025-01-14 Brentford-Manchester City,2025-01-14
1724,2025-01-15 Newcastle Utd-Wolves,2025-01-15
1725,2025-01-15 Leicester City-Crystal Palace,2025-01-15
1726,2025-01-15 Arsenal-Tottenham,2025-01-15
1727,2025-01-15 Everton-Aston Villa,2025-01-15
1728,2025-01-16 Ipswich Town-Brighton,2025-01-16
1729,2025-01-16 Manchester Utd-Southampton,2025-01-16
1730,2025-01-18 West Ham-Crystal Palace,2025-01-18
1731,2025-01-18 Brentford-Liverpool,2025-01-18
1732,2025-01-18 Arsenal-Aston Villa,2025-01-18
1733,2025-01-18 Newcastle Utd-Bournemouth,2025-01-18
1734,2025-01-18 Leicester City-Fulham,2025-01-18
1735,2025-01-19 Everton-Tottenham,2025-01-19
1736,2025-01-19 Ipswich Town-Manchester City,2025-01-19
1737,2025-01-19 Manchester Utd-Brighton,2025-01-19
1738,2025-01-19 Nott'ham Forest-Southampton,2025-01-19
1739,2025-01-20 Chelsea-Wolves,2025-01-20
1740,2025-01-25 Southampton-Newcastle Utd,2025-01-25
1741,2025-01-25 Bournemouth-Nott'ham Forest,2025-01-25
1742,2025-01-25 Manchester City-Chelsea,2025-01-25
1743,2025-01-25 Liverpool-Ipswich Town,2025-01-25
1744,2025-01-25 Wolves-Arsenal,2025-01-25
1745,2025-01-25 Brighton-Everton,2025-01-25
1746,2025-01-26 Crystal Palace-Brentford,2025-01-26
1747,2025-01-26 Tottenham-Leicester City,2025-01-26
1748,2025-01-26 Fulham-Manchester Utd,2025-01-26
1749,2025-01-26 Aston Villa-West Ham,2025-01-26
1750,2025-02-01 Nott'ham Forest-Brighton,2025-02-01
1751,2025-02-01 Ipswich Town-Southampton,2025-02-01
1752,2025-02-01 Newcastle Utd-Fulham,2025-02-01
1753,2025-02-01 Wolves-Aston Villa,2025-02-01
1754,2025-02-01 Bournemouth-Liverpool,2025-02-01
1755,2025-02-01 Everton-Leicester City,2025-02-01
1756,2025-02-02 Brentford-Tottenham,2025-02-02
1757,2025-02-02 Arsenal-Manchester City,2025-02-02
1758,2025-02-02 Manchester Utd-Crystal Palace,2025-02-02
1759,2025-02-03 Chelsea-West Ham,2025-02-03
1760,2025-02-12 Everton-Liverpool,2025-02-12
1761,2025-02-14 Brighton-Chelsea,2025-02-14
1762,2025-02-15 Leicester City-Arsenal,2025-02-15
1763,2025-02-15 Fulham-Nott'ham Forest,2025-02-15
1764,2025-02-15 Crystal Palace-Everton,2025-02-15
1765,2025-02-15 West Ham-Brentford,2025-02-15
1766,2025-02-15 Aston Villa-Ipswich Town,2025-02-15
1767,2025-02-15 Southampton-Bournemouth,2025-02-15
1768,2025-02-15 Manchester City-Newcastle Utd,2025-02-15
1769,2025-02-16 Liverpool-Wolves,2025-02-16
1770,2025-02-16 Tottenham-Manchester Utd,2025-02-16
1771,2025-02-19 Aston Villa-Liverpool,2025-02-19
1772,2025-02-21 Leicester City-Brentford,2025-02-21
1773,2025-02-22 Ipswich Town-Tottenham,2025-02-22
1774,2025-02-22 Fulham-Crystal Palace,2025-02-22
1775,2025-02-22 Arsenal-West Ham,2025-02-22
1776,2025-02-22 Southampton-Brighton,2025-02-22
1777,2025-02-22 Everton-Manchester Utd,2025-02-22
1778,2025-02-22 Bournemouth-Wolves,2025-02-22
1779,2025-02-22 Aston Villa-Chelsea,2025-02-22
1780,2025-02-23 Newcastle Utd-Nott'ham Forest,2025-02-23
1781,2025-02-23 Manchester City-Liverpool,2025-02-23
1782,2025-02-25 Chelsea-Southampton,2025-02-25
1783,2025-02-25 Brighton-Bournemouth,2025-02-25
1784,2025-02-25 Crystal Palace-Aston Villa,2025-02-25
1785,2025-02-25 Wolves-Fulham,2025-02-25
1786,2025-02-26 Nott'ham Forest-Arsenal,2025-02-26
1787,2025-02-26 Brentford-Everton,2025-02-26
1788,2025-02-26 Manchester Utd-Ipswich Town,2025-02-26
1789,2025-02-26 Tottenham-Manchester City,2025-02-26
1790,2025-02-26 Liverpool-Newcastle Utd,2025-02-26
1791,2025-02-27 West Ham-Leicester City,2025-02-27
1792,2025-03-08 Nott'ham Forest-Manchester City,2025-03-08
1793,2025-03-08 Crystal Palace-Ipswich Town,2025-03-08
1794,2025-03-08 Wolves-Everton,2025-03-08
1795,2025-03-08 Liverpool-Southampton,2025-03-08
1796,2025-03-08 Brentford-Aston Villa,2025-03-08
1797,2025-03-08 Brighton-Fulham,2025-03-08
1798,2025-03-09 Manchester Utd-Arsenal,2025-03-09
1799,2025-03-09 Chelsea-Leicester City,2025-03-09
1800,2025-03-09 Tottenham-Bournemouth,2025-03-09
1801,2025-03-10 West Ham-Newcastle Utd,2025-03-10
1802,2025-03-15 Ipswich Town-Nott'ham Forest,2025-03-15
1803,2025-03-15 Everton-West Ham,2025-03-15
1804,2025-03-15 Manchester City-Brighton,2025-03-15
1805,2025-03-15 Southampton-Wolves,2025-03-15
1806,2025-03-15 Bournemouth-Brentford,2025-03-15
1807,2025-03-16 Fulham-Tottenham,2025-03-16
1808,2025-03-16 Arsenal-Chelsea,2025-03-16
1809,2025-03-16 Leicester City-Manchester Utd,2025-03-16
1810,2025-04-01 Nott'ham Forest-Manchester Utd,2025-04-01
1811,2025-04-01 Arsenal-Fulham,2025-04-01
1812,2025-04-01 Wolves-West Ham,2025-04-01
1813,2025-04-02 Bournemouth-Ipswich Town,2025-04-02
1814,2025-04-02 Newcastle Utd-Brentford,2025-04-02
1815,2025-04-02 Liverpool-Everton,2025-04-02
1816,2025-04-02 Manchester City-Leicester City,2025-04-02
1817,2025-04-02 Brighton-Aston Villa,2025-04-02
1818,2025-04-02 Southampton-Crystal Palace,2025-04-02
1819,2025-04-03 Chelsea-Tottenham,2025-04-03
1820,2025-04-05 Everton-Arsenal,2025-04-05
1821,2025-04-05 Aston Villa-Nott'ham Forest,2025-04-05
1822,2025-04-05 Ipswich Town-Wolves,2025-04-05
1823,2025-04-05 West Ham-Bournemouth,2025-04-05
1824,2025-04-05 Crystal Palace-Brighton,2025-04-05
1825,2025-04-06 Brentford-Chelsea,2025-04-06
1826,2025-04-06 Fulham-Liverpool,2025-04-06
1827,2025-04-06 Manchester Utd-Manchester City,2025-04-06
1828,2025-04-06 Tottenham-Southampton,2025-04-06
1829,2025-04-07 Leicester City-Newcastle Utd,2025-04-07
1830,2025-04-12 Nott'ham Forest-Everton,2025-04-12
1831,2025-04-12 Brighton-Leicester City,2025-04-12
1832,2025-04-12 Southampton-Aston Villa,2025-04-12
1833,2025-04-12 Manchester City-Crystal Palace,2025-04-12
1834,2025-04-12 Arsenal-Brentford,2025-04-12
1835,2025-04-13 Newcastle Utd-Manchester Utd,2025-04-13
1836,2025-04-13 Chelsea-Ipswich Town,2025-04-13
1837,2025-04-13 Liverpool-West Ham,2025-04-13
1838,2025-04-13 Wolves-Tottenham,2025-04-13
1839,2025-04-14 Bournemouth-Fulham,2025-04-14
1840,2025-04-16 Newcastle Utd-Crystal Palace,2025-04-16
1841,2025-04-19 Aston Villa-Newcastle Utd,2025-04-19
1842,2025-04-19 West Ham-Southampton,2025-04-19
1843,2025-04-19 Crystal Palace-Bournemouth,2025-04-19
1844,2025-04-19 Brentford-Brighton,2025-04-19
1845,2025-04-19 Everton-Manchester City,2025-04-19
1846,2025-04-20 Ipswich Town-Arsenal,2025-04-20
1847,2025-04-20 Manchester Utd-Wolves,2025-04-20
1848,2025-04-20 Fulham-Chelsea,2025-04-20
1849,2025-04-20 Leicester City-Liverpool,2025-04-20
1850,2025-04-21 Tottenham-Nott'ham Forest,2025-04-21
1851,2025-04-22 Manchester City-Aston Villa,2025-04-22
1852,2025-04-23 Arsenal-Crystal Palace,2025-04-23
1853,2025-04-26 Southampton-Fulham,2025-04-26
1854,2025-04-26 Chelsea-Everton,2025-04-26
1855,2025-04-26 Brighton-West Ham,2025-04-26
1856,2025-04-26 Newcastle Utd-Ipswich Town,2025-04-26
1857,2025-04-26 Wolves-Leicester City,2025-04-26
1858,2025-04-27 Bournemouth-Manchester Utd,2025-04-27
1859,2025-04-27 Liverpool-Tottenham,2025-04-27
1860,2025-05-01 Nott'ham Forest-Brentford,2025-05-01
1861,2025-05-02 Manchester City-Wolves,2025-05-02
1862,2025-05-03 Everton-Ipswich Town,2025-05-03
1863,2025-05-03 Leicester City-Southampton,2025-05-03
1864,2025-05-03 Aston Villa-Fulham,2025-05-03
1865,2025-05-03 Arsenal-Bournemouth,2025-05-03
1866,2025-05-04 Brentford-Manchester Utd,2025-05-04
1867,2025-05-04 Brighton-Newcastle Utd,2025-05-04
1868,2025-05-04 Chelsea-Liverpool,2025-05-04
1869,2025-05-04 West Ham-Tottenham,2025-05-04
1870,2025-05-05 Crystal Palace-Nott'ham Forest,2025-05-05
1871,2025-05-10 Bournemouth-Aston Villa,2025-05-10
1872,2025-05-10 Southampton-Manchester City,2025-05-10
1873,2025-05-10 Wolves-Brighton,2025-05-10
1874,2025-05-10 Fulham-Everton,2025-05-10
1875,2025-05-10 Ipswich Town-Brentford,2025-05-10
1876,2025-05-11 Liverpool-Arsenal,2025-05-11
1877,2025-05-11 Manchester Utd-West Ham,2025-05-11
1878,2025-05-11 Newcastle Utd-Chelsea,2025-05-11
1879,2025-05-11 Tottenham-Crystal Palace,2025-05-11
1880,2025-05-11 Nott'ham Forest-Leicester City,2025-05-11
1881,2025-05-16 Chelsea-Manchester Utd,2025-05-16
1882,2025-05-16 Aston Villa-Tottenham,2025-05-16
1883,2025-05-18 West Ham-Nott'ham Forest,2025-05-18
1884,2025-05-18 Leicester City-Ipswich Town,2025-05-18
1885,2025-05-18 Arsenal-Newcastle Utd,2025-05-18
1886,2025-05-18 Brentford-Fulham,2025-05-18
1887,2025-05-18 Everton-Southampton,2025-05-18
1888,2025-05-19 Brighton-Liverpool,2025-05-19
1889,2025-05-20 Crystal Palace-Wolves,2025-05-20
1890,2025-05-20 Manchester City-Bournemouth,2025-05-20
1891,2025-05-25 Tottenham-Brighton,2025-05-25
1892,2025-05-25 Liverpool-Crystal Palace,2025-05-25
1893,2025-05-25 Fulham-Manchester City,2025-05-25
1894,2025-05-25 Nott'ham Forest-Chelsea,2025-05-25
1895,2025-05-25 Wolves-Brentford,2025-05-25
1896,2025-05-25 Southampton-Arsenal,2025-05-25
1897,2025-05-25 Ipswich Town-West Ham,2025-05-25
1898,2025-05-25 Newcastle Utd-Everton,2025-05-25
1899,2025-05-25 Bournemouth-Leicester City,2025-05-25
1900,2025-05-25 Manchester Utd-Aston Villa,2025-05-25
